Time,ECG,EMG,EDA
0,-0.0007628382050203403,0.00010996360645356584,0.9999999999258162
1,-0.004218702320136316,0.01191514280002856,0.9999999999255289
2,-0.002968066550953897,0.008148052949061504,0.9999999999252425
3,-0.0020910976536172164,0.0011749309291598305,0.9999999999249582
4,-0.002713381965372791,0.00678162387848327,0.999999999924678
5,-0.0023168124406003562,0.008341857250381878,0.9999999999244031
6,-0.0030252629935672752,0.002486694142548746,0.9999999999241349
7,-0.0021538525693208252,0.003537297824962503,0.9999999999238751
8,-0.000531783441637296,0.0011447825088386424,0.9999999999236251
9,-0.002167195292230432,0.006132257483352228,0.9999999999233862
10,-0.003531282030577126,0.001379170567206528,0.9999999999231592
11,0.0003520105434959586,0.0026371595763579007,0.9999999999229452
12,0.005386011861555863,0.0031997990702380794,0.9999999999227449
13,-0.002834679757385043,0.008170846650462603,0.9999999999225593
14,-0.009701260393964165,0.007896480318911547,0.9999999999223892
15,-0.0022780838982391256,0.005194502842200242,0.9999999999222351
16,-0.005018140976049128,0.01186814524107866,0.999999999922097
17,-0.007339986204350191,0.002408189985313904,0.9999999999219749
18,0.00016504695213218697,0.004033473260458247,0.9999999999218687
19,-0.0018834261904992914,0.0006757970810035905,0.999999999921779
20,-0.001940752092404152,0.004126173822092252,0.9999999999217057
21,0.0023139304328287013,0.013607309327677085,0.9999999999216485
22,0.002336814106624574,0.007765485574569695,0.9999999999216058
23,-0.0018676310634236897,0.01078621624974619,0.9999999999215765
24,-0.0063325032453277865,0.013945724234024997,0.9999999999215596
25,0.0014394209752985447,0.0005682082413946551,0.9999999999215543
26,0.003983568171719264,0.005908913897169594,0.9999999999215596
27,-0.0030633144633268774,0.001592284731995103,0.9999999999215747
28,-0.0006232504810269528,0.0026687156808892516,0.9999999999215987
29,-0.002028303195049713,0.00037092619327639754,0.9999999999216307
30,-0.004611785835942242,0.006183071747861961,0.9999999999216698
31,0.0012943011759671947,0.013334539725697678,0.9999999999217151
32,-0.002219715058773308,0.00617546011597358,0.9999999999217652
33,-0.004583375488050819,0.008718091144304262,0.9999999999218194
34,0.006378540854055155,0.014708307192702068,0.9999999999218772
35,0.006825351320014086,0.009236173483876231,0.999999999921938
36,0.0005217514953993682,0.005664745452901068,0.9999999999220011
37,0.0034955448155538625,0.00855163310718134,0.9999999999220655
38,0.0005924532993409968,0.002693976038019167,0.9999999999221303
39,-0.002946583646444207,0.013983544470686999,0.9999999999221947
40,0.003965785717574794,0.01778525559602705,0.9999999999222582
41,0.007701328092003745,0.001569832745481892,0.9999999999223199
42,0.007730561969516343,0.011599827124170396,0.9999999999223794
43,0.006583225793598731,0.006086901163110913,0.9999999999224367
44,0.005202316760197951,0.00942806830543213,0.9999999999224913
45,0.0033988175481938624,0.01647013710175079,0.9999999999225428
46,0.0016469631827186703,0.004159240202066098,0.9999999999225904
47,0.009815552856183152,0.01586318070462517,0.999999999922633
48,0.006643449732073004,0.01998518995889614,0.9999999999226699
49,-0.004738856527796984,0.007323625892465763,0.9999999999227001
50,0.0038194534338069626,0.0013304564954100912,0.9999999999227236
51,0.00024130848206487844,0.002571766314788314,0.9999999999227405
52,-0.010267064951411102,0.012414451340166725,0.9999999999227511
53,-0.00029822924954587583,0.02626124612757326,0.9999999999227565
54,-0.0018736149710549548,0.0161549217329619,0.9999999999227569
55,-0.008538426778648424,0.016824253235752804,0.9999999999227529
56,-0.0029254011129713647,0.02905262701846392,0.9999999999227454
57,-0.0022039914796022856,0.005586835690283014,0.9999999999227351
58,-0.003190017226595324,0.012451484079073413,0.9999999999227231
59,-0.0029073266063360205,0.006599856263904037,0.9999999999227103
60,-0.00520408392172169,0.00197208947583847,0.9999999999226974
61,-0.004410566886762715,0.00014589369416208049,0.999999999922685
62,-0.0011526124297144957,0.01042045505982111,0.999999999922673
63,-0.00542944219138568,0.006698690282889009,0.9999999999226619
64,-0.009878638065583038,0.012578447031965725,0.9999999999226517
65,-0.005051034858871812,0.0033413515666293873,0.9999999999226423
66,-0.005287366508496935,0.03400124237706052,0.9999999999226339
67,-0.006703124182442027,0.03150489479339681,0.9999999999226268
68,-0.0038156825688735034,0.024782338494935417,0.9999999999226215
69,-0.0029842766523173847,0.052517058945362106,0.9999999999226175
70,0.0015134151711227845,0.015441353091144907,0.9999999999226143
71,-0.00018874189527960205,0.014143203323112766,0.9999999999226117
72,-0.004302724373833691,0.0029067889327632646,0.9999999999226095
73,-0.0003523149612165309,0.013266012399862012,0.9999999999226077
74,-0.001697634206626393,0.008286151991271846,0.9999999999226064
75,-0.0029701284490946194,0.021034845733203668,0.999999999922605
76,-0.005151926972939794,0.00808140443708123,0.9999999999226028
77,-0.011681521985804098,0.002557169026511483,0.9999999999225992
78,-0.007963815156432024,0.004855794725645471,0.9999999999225935
79,-0.006490408920650334,0.015817801153048976,0.999999999922585
80,-0.013148843179891078,0.011919253729182708,0.9999999999225735
81,-0.013125581633012445,0.006529810542247975,0.9999999999225584
82,-0.009879471913400493,0.017719543926790156,0.9999999999225397
83,-0.010301132448048998,0.005697930111429919,0.9999999999225184
84,-0.013203156890715611,0.009880940322323731,0.9999999999224953
85,-0.01566544963947405,0.0008491695824794153,0.9999999999224713
86,-0.019713333743687677,0.018902984871745403,0.9999999999224469
87,-0.02407270284433724,0.015860891806264186,0.9999999999224234
88,-0.02282118103343067,0.003369451375562672,0.9999999999224016
89,-0.021405192607447398,0.008324710992156748,0.9999999999223825
90,-0.02233280288073369,0.0036638911405390134,0.999999999922367
91,-0.019215966677169755,0.012578020213689292,0.9999999999223563
92,-0.012828077295809025,0.0005650678883925488,0.9999999999223519
93,-0.011076063121647647,0.02726332476103339,0.9999999999223546
94,-0.01243058518314903,0.029904685789836905,0.9999999999223652
95,-0.008318309115575467,0.007680378982799908,0.9999999999223852
96,-0.0036953749503282436,0.026783197657205358,0.9999999999224154
97,-0.002288796842277032,0.004331454132246814,0.9999999999224567
98,0.001983189865641337,0.022284088676508242,0.9999999999225091
99,0.0066435383828297384,0.008607130905206161,0.9999999999225726
100,0.004875119987651738,0.023832717630912225,0.9999999999226477
101,0.0008164517283035244,0.009181190654868046,0.9999999999227343
102,0.004865213171979192,0.02404968875729104,0.9999999999228328
103,0.00978419269431734,0.009106379780270237,0.9999999999229434
104,0.007533064448685432,0.027192221308696512,0.999999999923066
105,0.010256955021341132,0.0035326481441224768,0.9999999999232001
106,0.0159069680376931,0.01029560007131336,0.9999999999233444
107,0.016543359693927243,0.003522815019451464,0.9999999999234981
108,0.01870832881075141,0.007731185379674256,0.9999999999236602
109,0.019503884759860906,0.00197542449463074,0.9999999999238289
110,0.019006994533876036,0.012710202643484561,0.9999999999240026
111,0.02211913989992651,0.012709790813965904,0.9999999999241793
112,0.022540142987313543,0.027702469403561046,0.9999999999243578
113,0.02446222372322942,0.060645538615584756,0.9999999999245364
114,0.029302968259927092,0.04222924025633519,0.9999999999247127
115,0.026565146875941845,0.005729427457260837,0.999999999924885
116,0.024446075642453033,0.02029929341156096,0.9999999999250515
117,0.0288655360995733,0.05003529474591646,0.9999999999252109
118,0.030797429031149366,0.07109811755684321,0.9999999999253624
119,0.031974935035306074,0.048535273307081815,0.9999999999255054
120,0.03326258818086335,0.007003381111331416,0.9999999999256395
121,0.030220741917525967,0.04273399342790935,0.9999999999257638
122,0.02899395004347151,0.03326470506642258,0.9999999999258784
123,0.029120888515121054,0.01698481466724062,0.9999999999259832
124,0.027390346434639844,0.028824934445585478,0.9999999999260782
125,0.03070896798954797,0.03176279668080717,0.9999999999261635
126,0.026639362835367292,0.006303717072450259,0.9999999999262386
127,0.019218901702874106,0.03785536402572779,0.9999999999263025
128,0.030411599033731432,0.02499068716799145,0.9999999999263545
129,0.03567210728403443,0.0015748927184528777,0.9999999999263931
130,0.02902676687472224,0.002651238607589236,0.999999999926418
131,0.03178600201189352,0.002841235395454696,0.9999999999264282
132,0.0355409673032102,0.006090651702808977,0.9999999999264237
133,0.037918639502963175,9.35488577951248e-05,0.9999999999264042
134,0.035111331571260014,0.011024289902490747,0.9999999999263696
135,0.02708239465714857,0.008679632205784344,0.9999999999263194
136,0.025864406077382725,0.0039042924252742175,0.9999999999262532
137,0.024640752801757763,0.0037039722262333097,0.9999999999261711
138,0.023016281950312478,0.005921201680198898,0.9999999999260734
139,0.021790583981435605,0.006476076262605229,0.999999999925961
140,0.017386957870698463,0.0013063053433794373,0.9999999999258349
141,0.019014722889498483,0.000559401610597599,0.9999999999256959
142,0.023341934334044134,0.0036286455129728324,0.9999999999255449
143,0.022113360244496935,0.009483459284924809,0.9999999999253832
144,0.01484844595724988,0.009521061379883605,0.9999999999252123
145,0.007248336406018187,0.0015198529407223313,0.9999999999250337
146,0.0067691657902005965,0.003489408741058319,0.999999999924849
147,0.0009255288352988285,0.001196017539141789,0.9999999999246598
148,-0.013114958703955099,0.002615939670092026,0.9999999999244675
149,-0.022539733593954604,0.00758535405685238,0.999999999924273
150,-0.030740457190979707,0.004539286568779279,0.9999999999240776
151,-0.03947329280380714,0.0006018389028320696,0.9999999999238831
152,-0.04884171171765042,0.002808342089795282,0.9999999999236908
153,-0.05918658782413941,0.0020774600747429086,0.9999999999235021
154,-0.06680809016289263,0.007119214537255778,0.9999999999233178
155,-0.07627744570932929,0.007583289567333642,0.9999999999231393
156,-0.0815485790850982,0.01716699269287043,0.9999999999229674
157,-0.07892198004641632,0.006466945994653482,0.9999999999228031
158,-0.07861892215339764,0.027857255001709966,0.9999999999226472
159,-0.07581750299878758,0.01254559159909645,0.9999999999225011
160,-0.06960495931268738,0.0080071074280118,0.9999999999223657
161,-0.06433790838055391,0.0031712299789473336,0.9999999999222418
162,-0.05423085639360414,0.005118882909332716,0.9999999999221303
163,-0.04451777471753532,0.0030389650997953567,0.9999999999220321
164,-0.038670721283197526,0.012418274683260132,0.9999999999219482
165,-0.033339018382596175,0.011494768456948766,0.9999999999218789
166,-0.029460140391812932,0.007895466772248507,0.9999999999218243
167,-0.024431618750234804,0.0032732065916009903,0.9999999999217843
168,-0.017974837122989966,0.006657187427393141,0.9999999999217581
169,-0.012179001418089181,0.013913282853675692,0.9999999999217448
170,-0.009495464234830484,0.00907233590004139,0.999999999921743
171,-0.00904616429526221,0.0002109685763860526,0.9999999999217515
172,-0.006259663834562189,0.0026183071671475877,0.9999999999217688
173,-0.0008091010467680369,0.0012940275596717865,0.9999999999217932
174,0.0034527232442987388,0.0010333454307318763,0.9999999999218234
175,0.0012831766258773643,0.0032194455284613203,0.9999999999218585
176,0.0012046166616175545,0.00867948649108252,0.9999999999218976
177,0.0070510895572560295,0.002523547632380731,0.9999999999219402
178,0.006606842791555632,0.01180756740599731,0.999999999921986
179,0.0023029149371002183,0.017944284091794434,0.9999999999220348
180,0.0022523312176790516,0.011638501640385558,0.9999999999220872
181,0.0038191729088288863,5.652588411986725e-05,0.9999999999221436
182,0.0010983273996748553,0.0051702776898133514,0.999999999922204
183,0.0014428500566693297,2.7036697658563546e-05,0.9999999999222684
184,0.007200622771839093,0.004637217626644696,0.9999999999223363
185,0.006363038768692073,0.022201471246869324,0.9999999999224074
186,0.008545060145827723,0.020393950714148495,0.9999999999224811
187,0.01382325165506528,0.001750516685339762,0.9999999999225571
188,0.012325683543296296,0.001358605785421632,0.9999999999226348
189,0.0136679327110232,0.004992341148032328,0.9999999999227138
190,0.017541118717814996,0.012727951746407784,0.9999999999227938
191,0.02066349593261583,0.02165625079373209,0.9999999999228737
192,0.019099783169424123,0.008772748950575254,0.9999999999229523
193,0.015877224175606688,0.011383959425816402,0.9999999999230287
194,0.018466582521244883,0.02399057557983516,0.9999999999231024
195,0.015798016600561925,0.006064083642894568,0.999999999923173
196,0.013108858377265307,0.02038001656929464,0.9999999999232401
197,0.014894091473747793,0.014038176105936875,0.9999999999233031
198,0.011015548743738213,0.0004536099537448667,0.9999999999233613
199,0.011117955836241904,0.009933213269439193,0.9999999999234133
200,0.014479383282380298,0.016930574102777072,0.9999999999234581
201,0.013539089303799235,0.004958846025519224,0.999999999923495
202,0.014684551772571695,0.00016220764726564553,0.999999999923523
203,0.013337106049457696,0.010239321067046432,0.9999999999235412
204,0.011598695530514578,0.009571265111110845,0.9999999999235487
205,0.013505264614828226,0.01131316461068892,0.9999999999235452
206,0.008211235226912627,0.023713153036967024,0.9999999999235301
207,0.004934671987744987,0.008310321120127015,0.999999999923503
208,0.008020648495753159,0.00856967022866207,0.9999999999234634
209,0.0045916800237129456,0.002751266791112702,0.999999999923411
210,0.0025968887758235997,0.019649127254566953,0.9999999999233458
211,0.003796987050586232,0.0074676676820985555,0.999999999923268
212,0.00015430660264345196,0.012547210035597866,0.9999999999231783
213,-0.00541653473052963,0.007456838151972235,0.9999999999230766
214,-0.008841022685917983,0.0030870079488550884,0.999999999922963
215,-0.008010561036605697,0.002040919253589958,0.9999999999228373
216,-0.009637774117013009,0.004269424955492875,0.9999999999227001
217,-0.013321830549680131,0.002599668137695133,0.9999999999225522
218,-0.01316935784432849,0.003641877511967629,0.9999999999223945
219,-0.010350926654337256,0.00015591401817070826,0.9999999999222284
220,-0.004414171672718259,0.005400224724158588,0.9999999999220557
221,-0.004837211406255018,0.012243360367159296,0.999999999921878
222,-0.007353679360263571,0.00974584456127486,0.9999999999216969
223,-0.0019402095899899025,0.00010032327352999033,0.9999999999215126
224,-0.001970559209951538,0.0017389926780919907,0.999999999921326
225,-0.0016520895758837144,0.0017036050518014223,0.9999999999211382
226,0.003449744086392526,0.002102898439908521,0.9999999999209503
227,0.0011284929009167932,0.0011318162154944705,0.9999999999207638
228,0.0007280280934923694,0.007047913165885775,0.9999999999205804
229,0.006277531544174835,0.020885069562359793,0.9999999999204019
230,0.009914384821203397,0.020032539526265117,0.99999999992023
231,0.00587693003135227,0.0028043928709077645,0.9999999999200662
232,-0.0021533628733987386,0.008598909693536027,0.9999999999199107
233,-0.002380320314898548,0.006864705683514077,0.9999999999197642
234,-0.0003514070391057813,0.002943039882927771,0.9999999999196274
235,0.0013915643810641606,0.003307398190555175,0.9999999999195013
236,0.001764544051484734,0.004764477875080996,0.9999999999193863
237,-0.0015610832305309663,0.003281744471681947,0.9999999999192823
238,0.002083114011838606,0.003362547970974447,0.9999999999191891
239,0.0032643553435084786,0.004462829589919794,0.999999999919106
240,3.729150436935168e-05,0.005929209712973395,0.9999999999190328
241,0.005178212257834731,0.010450807510037035,0.9999999999189688
242,0.006280075915575445,0.019590066684724034,0.9999999999189133
243,0.0019710494793726187,0.03820883525594074,0.9999999999188653
244,0.0030341967564889443,0.0058291062393110845,0.999999999918824
245,0.0021761725996102405,0.04644267585955221,0.9999999999187885
246,-0.0033286131097558956,0.020306704052337355,0.9999999999187579
247,-0.0035568922475651163,0.01163410989695764,0.9999999999187321
248,-0.0006279499776403064,0.0027062484859949297,0.9999999999187112
249,-0.003768169388118772,0.0036789479829902726,0.9999999999186953
250,-0.006447192271469212,0.0072878107361130685,0.9999999999186842
251,-0.004049169789709905,0.0067698058670584045,0.9999999999186775
252,-0.0007088048154414227,0.0004978810022958993,0.9999999999186744
253,0.0018766386720420346,0.0017598742278973135,0.9999999999186739
254,0.0017189726220899816,0.006527317737515411,0.9999999999186753
255,0.0022080604052733682,0.008482272658681643,0.9999999999186775
256,0.0012008514513869347,0.0026774910295971205,0.9999999999186802
257,-0.0006241123582930658,0.008510413817133326,0.9999999999186828
258,0.006944996575801545,0.0013623722310028953,0.9999999999186846
259,0.010800093787670067,0.001718872511189843,0.999999999918685
260,0.004158701377022456,0.01088479627680254,0.9999999999186842
261,0.004577852781224658,0.01065353887055943,0.9999999999186824
262,0.007192441066574661,0.001444701657720514,0.9999999999186802
263,0.004280634223315652,0.004968220653781209,0.9999999999186775
264,0.004345753179913232,0.005850081697638671,0.9999999999186744
265,0.003999022468398731,0.004425429894011697,0.9999999999186713
266,0.004389623999068808,0.005313593990242961,0.9999999999186686
267,0.009667133869873917,0.008082454579062398,0.9999999999186664
268,0.010233508066611306,0.005752420441427177,0.9999999999186646
269,0.009426487898646719,0.0007292124752117262,0.9999999999186633
270,0.010451661872309653,0.0022122341930894893,0.9999999999186628
271,0.008841196469738263,0.004014293045275382,0.9999999999186637
272,0.010983501379824658,0.004704586305158028,0.9999999999186664
273,0.011123996707841985,0.01610923196339245,0.9999999999186713
274,0.008288627922457065,0.016053546143300478,0.9999999999186788
275,0.0111239069775246,0.0026300207732117245,0.9999999999186895
276,0.010670897991910911,0.012513481882070798,0.9999999999187028
277,0.008860548910372615,0.010457357275478567,0.9999999999187179
278,0.009817424520369752,0.007469570446054791,0.9999999999187339
279,0.009423016112601192,0.009516972137812312,0.9999999999187508
280,0.012325116148589103,0.010361989983145654,0.9999999999187685
281,0.012391437870031056,0.012800597458198,0.9999999999187867
282,0.009400477775221095,0.007719590143022124,0.999999999918805
283,0.009296852941369024,0.009635378648547462,0.9999999999188227
284,0.0035842319437028453,0.00833454209941749,0.9999999999188391
285,-0.0025704548573923522,0.013945667014405503,0.9999999999188534
286,-0.0021492582779180968,0.007721244485207902,0.9999999999188645
287,3.916153531973235e-06,0.0035947611427359833,0.999999999918872
288,0.004122779917156174,0.017630222779459245,0.999999999918876
289,0.005296400875305085,0.007958378318028352,0.9999999999188764
290,0.0045668239868411195,0.011469938498697511,0.9999999999188733
291,0.010811487820426437,0.01373204822720059,0.9999999999188671
292,0.01631273661612919,0.04514264685613223,0.9999999999188582
293,0.013926902090930324,0.0030543274460030677,0.9999999999188476
294,0.012906769895481182,0.058052392640764734,0.999999999918836
295,0.014501350799894374,0.04328410426528946,0.999999999918824
296,0.009337376916784747,0.007883552522854262,0.999999999918812
297,0.0032569734756742906,0.017733613155613996,0.999999999918801
298,0.0002863123971885021,0.00032725348228307763,0.9999999999187916
299,-0.005596228478772798,0.002273863096516281,0.9999999999187845
300,-0.0052853971153079115,0.01551013827049248,0.9999999999187801
301,-0.00016974267808854415,0.026506912615882335,0.9999999999187783
302,-0.0019557049337774264,0.013379303391344145,0.9999999999187792
303,-0.0004533399572493489,0.0039968381101783655,0.9999999999187823
304,0.0039986026171255455,0.00877282800274659,0.9999999999187876
305,-0.0003465770837843879,0.01762146230491119,0.9999999999187947
306,0.0007667434807305143,0.026508943599323157,0.9999999999188032
307,0.008915923632686684,0.01149029731472103,0.9999999999188125
308,0.006106962902860779,0.010088939777582222,0.9999999999188232
309,0.003480399315611036,0.0129987206793753,0.999999999918836
310,0.003079722038430347,0.012664597369672756,0.9999999999188516
311,-0.005591520688603855,0.017655594826676425,0.9999999999188698
312,-0.010906542177538888,0.008458055467681051,0.9999999999188907
313,-0.01804346469997445,0.010806894903243705,0.9999999999189138
314,-0.02792713904084323,0.01529706135403367,0.9999999999189391
315,-0.032712304814077095,0.009630396521488466,0.9999999999189662
316,-0.04014814852374751,0.008586444071638166,0.999999999918995
317,-0.040520981711204634,0.003344108331137419,0.9999999999190248
318,-0.038222327695667205,0.00608907012567065,0.9999999999190541
319,-0.04267211045843861,0.008142367727831182,0.9999999999190812
320,-0.041304015767997304,0.010260695677208423,0.9999999999191043
321,-0.040118469084539414,0.010812827688398753,0.9999999999191225
322,-0.03747226806820572,0.0027741637654858163,0.9999999999191354
323,-0.029376240831922293,0.011671470320272702,0.9999999999191425
324,-0.030668957866001052,0.0004291297853016799,0.9999999999191438
325,-0.0328266933945399,0.007846853540899588,0.9999999999191398
326,-0.02460151374616643,0.00017985219715367477,0.9999999999191305
327,-0.01786800382927963,0.00662472166736113,0.9999999999191163
328,-0.016347748879695787,0.004266453856188885,0.9999999999190976
329,-0.014071090767814463,0.0046301114530348545,0.9999999999190745
330,-0.011275770032038128,0.009038086631091619,0.999999999919047
331,-0.00744180631421033,6.8988350616717e-05,0.9999999999190154
332,-0.005726688485079004,0.014289780024733419,0.9999999999189804
333,-0.0074300701523521365,0.007390201112730789,0.9999999999189422
334,-0.002198749104994336,0.0029697647562898595,0.9999999999189013
335,0.003452459885668009,0.005602041215360859,0.9999999999188587
336,-0.0038791072012835954,0.0018001940405115578,0.9999999999188152
337,-0.009435227659552133,0.017625342468986074,0.9999999999187708
338,-0.0055667100582558375,0.005018567686757061,0.9999999999187255
339,-0.007278325233337553,0.024358595307859016,0.9999999999186793
340,-0.00507860782348427,0.012927761589564532,0.9999999999186322
341,0.007646431979184305,0.020037548151976985,0.9999999999185847
342,0.008949789301404554,0.02289329919926191,0.9999999999185367
343,0.0029668077160838573,0.0058421842378044535,0.9999999999184892
344,0.002050413524718582,0.0015492782229333056,0.9999999999184435
345,0.0010850583666129898,0.005418288325869236,0.9999999999184008
346,0.0016205662062413638,0.016789096507606058,0.9999999999183626
347,0.004246770600793114,0.022656646335383307,0.9999999999183298
348,0.007814116961871872,0.009213966875277277,0.9999999999183031
349,0.006952208643549779,0.010356398067705452,0.9999999999182831
350,-0.0005670880379075446,0.014020515149306467,0.9999999999182707
351,-0.0017581810342932312,0.005971631790223138,0.9999999999182667
352,0.0051906432641466195,0.0032987710560392247,0.9999999999182716
353,0.007671180650572362,0.005837713707021256,0.9999999999182854
354,0.004678130130726583,0.006843564812179975,0.9999999999183085
355,0.005542977944939226,0.0049903251327637985,0.9999999999183413
356,0.007279267634562259,0.0032356900359174845,0.9999999999183848
357,0.005868039089367567,0.014044165736264533,0.9999999999184395
358,0.007630873801194199,0.013728123336552956,0.9999999999185056
359,0.011392175036351778,0.0030007385746384464,0.9999999999185833
360,0.014310935151495629,0.004277954324531831,0.9999999999186726
361,0.013879534820047553,0.00586476480344433,0.9999999999187734
362,0.011952595047092968,0.006230985456420007,0.9999999999188858
363,0.016910086404027108,0.002337878894872351,0.9999999999190092
364,0.020679740162557688,0.004956247649237007,0.9999999999191433
365,0.017587883701116365,0.004350509451804858,0.9999999999192881
366,0.017317134122180954,0.006599906431134451,0.9999999999194435
367,0.01842393926367819,0.01210662873665114,0.9999999999196092
368,0.016956265949437888,0.0027601851134142655,0.9999999999197842
369,0.016082445463647177,0.007437348828518522,0.9999999999199676
370,0.014103992873366552,0.006162944354545562,0.999999999920159
371,0.013169549738060506,0.0019325380102562595,0.9999999999203584
372,0.014849382623364066,0.0025959497274390493,0.9999999999205653
373,0.012569865176124222,0.0038700604715203946,0.9999999999207798
374,0.010186606990452927,0.004949952161240746,0.9999999999210019
375,0.011830839375158686,0.0063322962943039044,0.999999999921231
376,0.011194754380131651,0.00201199779773921,0.9999999999214673
377,0.008667370621381634,0.005534829263711089,0.9999999999217106
378,0.008579430658567887,0.00610972883911107,0.9999999999219615
379,0.009217731507119815,0.0029165475831829024,0.9999999999222204
380,0.00817108844645567,0.005496331596575153,0.9999999999224878
381,0.007415684935809556,0.011165397344432665,0.999999999922764
382,0.0074404707518525804,0.011418893934649912,0.9999999999230491
383,0.005659242375147862,0.0017399524539604544,0.9999999999233422
384,0.004038025261710687,0.01218788870193012,0.9999999999236415
385,0.0063344899795091236,0.013295809319188792,0.9999999999239448
386,0.007174839865547456,0.00026043647693156115,0.9999999999242495
387,0.0033610314170277383,0.004643158744054843,0.9999999999245532
388,0.0021485227046713776,0.0028648894757191314,0.9999999999248539
389,0.002956814760609808,0.007014015732630583,0.9999999999251488
390,0.0029950757683021977,0.008772858553896933,0.9999999999254352
391,0.0029041612444644033,0.00884394541201374,0.9999999999257105
392,0.003255621991462272,0.005926264293313721,0.999999999925973
393,0.006418390941427233,0.021057532607393355,0.9999999999262208
394,0.0059892634171401955,0.00843745971791227,0.999999999926453
395,0.004210280888641768,0.012389535091269395,0.9999999999266689
396,0.00600537638621799,0.006224505906409307,0.9999999999268678
397,0.0045170038564264275,0.009113981871871495,0.9999999999270495
398,0.006413778424700886,0.00213386497148448,0.9999999999272129
399,0.010547150317530618,0.009235925632677004,0.9999999999273568
400,0.00660137009415,0.0005355974582157693,0.9999999999274802
401,0.0024523180232818792,0.01346084023067879,0.9999999999275828
402,0.003233059529426985,0.008054952269012046,0.9999999999276645
403,0.003631229249275907,0.002510013813925744,0.9999999999277254
404,-0.0002665537687584563,0.0045310406026889335,0.9999999999277653
405,-0.0013797573169505506,0.0075560558491224615,0.9999999999277844
406,0.002855220183083319,0.012674240003022719,0.9999999999277831
407,0.00430012677402552,0.006017770007056624,0.9999999999277622
408,0.007003640868080851,0.0037281026090360174,0.9999999999277223
409,0.009217927031594363,0.001019336854260736,0.9999999999276641
410,0.005603967410991127,0.003752582156439372,0.9999999999275881
411,0.005511041742740004,0.00917368747605245,0.9999999999274949
412,0.009515469750272414,0.011821833576120037,0.9999999999273848
413,0.008402256235083191,0.0021119673355874963,0.9999999999272586
414,0.0038947318661051514,0.003026503254750925,0.999999999927117
415,0.0030629679640237256,0.005440603108302484,0.9999999999269598
416,0.0009306015536351244,0.001040485729840732,0.9999999999267875
417,-0.0023327444246091927,0.0015492578540691154,0.9999999999266005
418,-0.0017563921114737875,0.013861293546993279,0.9999999999263993
419,-0.005128959847347677,0.0029342574109151726,0.9999999999261844
420,-0.007227757723824364,0.022283125089956696,0.9999999999259566
421,-0.004839660449624451,0.012295199934983781,0.9999999999257168
422,-0.007312257485001623,0.013147274394804698,0.9999999999254663
423,-0.006876957353789445,0.002028186776953639,0.999999999925206
424,-0.0020693194832374696,0.018357144855253728,0.9999999999249365
425,-0.002817898375348696,0.0057618658883811565,0.999999999924658
426,-0.008435704205603257,0.010323580660228161,0.9999999999243716
427,-0.010923460288457816,0.005091723899972917,0.9999999999240781
428,-0.0053980155546854685,0.00037107001207718846,0.9999999999237783
429,-0.002105886037658478,0.0002478098018083221,0.9999999999234728
430,-0.004763923648401391,0.0036472217938256653,0.9999999999231619
431,-0.005389907386726128,0.00016727895774386358,0.9999999999228466
432,-0.006828858610763252,0.008534867477411771,0.9999999999225277
433,-0.005928908499222499,0.007574698142810636,0.9999999999222062
434,-0.0029067858504413582,0.006207839654592902,0.9999999999218829
435,-0.009468148610856385,0.00586388330594162,0.9999999999215592
436,-0.013754606748271008,0.006269867615605579,0.9999999999212359
437,-0.009752049644950264,0.015593543750383465,0.9999999999209139
438,-0.01048060041960179,0.0062247321190418235,0.9999999999205942
439,-0.00951553870366801,0.0029622247902859494,0.9999999999202771
440,-0.007583061470981485,0.001616829850715079,0.9999999999199631
441,-0.009194953509734073,0.0008286706475496637,0.9999999999196532
442,-0.0045802922908633244,0.0033598780821737883,0.9999999999193481
443,-0.00318887399775238,0.010207179483614255,0.9999999999190492
444,-0.007429796339170217,0.0014884650616285532,0.9999999999187583
445,-0.005783431672261462,0.01217088280638351,0.9999999999184772
446,-0.004793919683401142,0.006476861744127197,0.9999999999182072
447,-0.005104292383204135,0.002401487768793214,0.9999999999179501
448,-0.005298570945598545,0.0043358537493101935,0.9999999999177076
449,-0.010334187706681215,0.006689616874523466,0.9999999999174816
450,-0.011444314877893522,0.0035087110149725253,0.9999999999172733
451,-0.007117871171484105,0.0045026412001334115,0.9999999999170845
452,-0.008493067830759747,0.004238094087123492,0.9999999999169167
453,-0.012957294071263574,0.0040273623720098505,0.9999999999167701
454,-0.011258891784090452,0.003916589594975559,0.9999999999166453
455,-0.0071512685127693015,0.009088774033225907,0.9999999999165432
456,-0.008209205640608876,0.009806269606132142,0.9999999999164642
457,-0.010055376652382738,0.003488100226091469,0.9999999999164082
458,-0.00823029891494063,0.0077928533895598555,0.9999999999163758
459,-0.00991941858323052,0.008572204220994648,0.9999999999163669
460,-0.014210254677481621,0.005347449816228539,0.9999999999163816
461,-0.012737264765788852,0.011242562061315709,0.9999999999164197
462,-0.011253428354799755,0.006629166107733044,0.999999999916481
463,-0.010051267451100411,0.025462087482797265,0.999999999916565
464,-0.004916793073942261,0.01472455645636826,0.9999999999166711
465,-0.0048946349080691,0.012657809192060136,0.9999999999167986
466,-0.007144829604638229,0.015788363539038126,0.9999999999169464
467,-0.005504348864185922,0.007042884401646376,0.9999999999171134
468,-0.004006002119414974,0.009161582364827784,0.9999999999172986
469,-0.00245864950802026,0.025693205911819728,0.9999999999175011
470,-0.0016814291413979271,0.043162745172056795,0.99999999991772
471,-0.0017179729449305157,0.008277960345775957,0.9999999999179545
472,-0.002605567912412116,0.026965434555409652,0.9999999999182032
473,-0.004023018389286192,0.021460593243403974,0.9999999999184652
474,-0.0030717849809532563,0.013588897207106541,0.9999999999187397
475,-0.001188204691363737,0.024851808063884654,0.9999999999190257
476,0.00013346144297503738,0.020213816990173123,0.9999999999193214
477,-0.0019167860356195526,0.008273594481781613,0.9999999999196256
478,-0.005104680519114739,0.024746469382819533,0.9999999999199365
479,-0.0027094598694763126,0.010428655001207297,0.9999999999202522
480,0.0011463486563834252,0.008282430696566598,0.9999999999205711
481,0.0027432437065763376,0.0014022798544676821,0.9999999999208913
482,0.003975093660482616,0.022782741817704663,0.9999999999212106
483,0.002806621039822719,0.020822935970236052,0.9999999999215263
484,0.0005176667093009929,0.006298108039052642,0.9999999999218359
485,0.0002143051075950979,0.0012036861826740758,0.9999999999221365
486,-0.00010789040355727942,0.012172529768341631,0.999999999922426
487,0.0003760185442185028,0.022738597319781107,0.9999999999227027
488,0.0026155286792703346,0.01551498193386759,0.9999999999229647
489,0.005751850147180687,0.0019921655206797686,0.9999999999232103
490,0.006034157022851859,0.00231270451217957,0.9999999999234381
491,0.0017510048611520876,0.002952271903057815,0.9999999999236464
492,0.0038329703553292224,0.0021175041612807315,0.9999999999238334
493,0.006746752660849438,0.0009152117392071351,0.9999999999239968
494,0.0009506547011246438,0.002682397537654825,0.9999999999241345
495,0.0009715592141269261,0.0096585780239233,0.999999999924245
496,0.005893198233184947,0.003370044833573601,0.9999999999243272
497,0.004658288335863563,0.009830796955172237,0.9999999999243796
498,0.0018057036043782069,0.004994960929352907,0.9999999999244018
499,0.0022454299804778644,0.01242139967204101,0.9999999999243934
500,0.004164128402998514,0.012206050410104117,0.9999999999243543
501,0.004926062978444399,0.002235304836451352,0.9999999999242846
502,0.004287909593804016,0.004256130488064978,0.9999999999241842
503,0.0013089661275184211,0.0028494495283367762,0.9999999999240536
504,0.0015078246417276593,0.013107621116008312,0.9999999999238942
505,0.003928959324861443,0.00884770390276467,0.9999999999237073
506,0.003922092263933071,0.014158766424262746,0.9999999999234941
507,0.010166030163469883,0.011888282538460266,0.999999999923256
508,0.011737935328017972,0.013433066315247344,0.9999999999229949
509,0.001801198374435368,0.012214975789377257,0.9999999999227129
510,-0.0006149170212461333,0.00800677026021878,0.9999999999224127
511,0.0016638469273110913,0.006439968631905225,0.9999999999220979
512,0.0022233886546959205,0.001788641515068269,0.9999999999217724
513,0.0040867701105109615,0.007962348023560844,0.9999999999214402
514,0.0022867524501790403,0.010799093834721604,0.9999999999211049
515,0.003562752331180745,0.005485553683293623,0.9999999999207696
516,0.008177683229799997,0.011907661193410444,0.999999999920437
517,0.006004326119356475,0.0022891663560184843,0.9999999999201097
518,0.0052079859449153726,0.0013554028666198908,0.9999999999197913
519,0.005670940108182281,0.0013344848825935776,0.9999999999194848
520,0.002006882041691922,0.0003964770402421664,0.999999999919194
521,0.0026182880337629554,0.0010989292925551496,0.9999999999189217
522,0.0016986760458523728,0.0010187998803127506,0.9999999999186704
523,-0.0006715583880935534,0.0007031708618330998,0.9999999999184412
524,0.0018702211405430278,0.000934281565065712,0.9999999999182356
525,0.0013784181212549416,0.00385512385587375,0.9999999999180544
526,0.0052565236706181104,0.0023046088364901724,0.9999999999178977
527,0.009466066620879213,0.007240549001199751,0.9999999999177653
528,0.005053801335229964,0.012289235461502663,0.999999999917657
529,0.0067740444331699096,0.008031305469320373,0.9999999999175722
530,0.006938299744224681,0.0017802808633237662,0.99999999991751
531,0.0015623987357189038,0.010544439922653775,0.9999999999174687
532,0.0031652311380995788,0.012284068013031571,0.9999999999174465
533,0.004419830225860566,0.011238158681627912,0.999999999917442
534,0.00330502436716457,0.009369278497429084,0.9999999999174545
535,0.003448320118962122,0.0026442584123860663,0.9999999999174829
536,0.004007188393683314,0.017678542669626915,0.9999999999175269
537,0.005335317777138217,0.015064312759279143,0.9999999999175855
538,0.004313465238871982,0.00038495126581582684,0.9999999999176579
539,0.0021256350601761677,0.005651269608740458,0.9999999999177431
540,0.0036962436884127683,0.0035722234754974967,0.9999999999178408
541,0.00566894220381184,0.001828975729503942,0.999999999917951
542,0.00243722958958638,0.0020398040643723257,0.9999999999180731
543,0.0006794006109159265,0.005945641767357374,0.9999999999182068
544,0.0013962353027678663,0.004192583873865145,0.999999999918352
545,0.0009389529064159539,0.002115697729797944,0.9999999999185087
546,0.004127553987443288,0.0003638274740850435,0.9999999999186766
547,0.00332629735284203,0.01133618693386694,0.9999999999188551
548,-0.00136209228181119,0.01910587254991364,0.999999999919043
549,-0.0003556819042726993,0.00933843378203641,0.9999999999192388
550,-0.0010738205159671606,0.003418661237469947,0.9999999999194409
551,-0.0008351424057196901,0.005616942282036678,0.9999999999196478
552,0.0018172091407850405,0.007212974522613986,0.9999999999198583
553,-0.0009305942700581844,0.01312730597956765,0.999999999920071
554,0.0013070631976828018,0.014284198410166506,0.9999999999202847
555,0.002538411620022104,0.006416224423066558,0.9999999999204983
556,-0.005758093344090238,0.003763269912140154,0.999999999920711
557,-0.008114298679177585,0.007348364125203441,0.9999999999209219
558,-0.001046842861150049,0.006084848319680307,0.9999999999211302
559,0.009549068984824027,0.007905151444738275,0.9999999999213354
560,0.005754356356896315,0.010303215066970878,0.999999999921537
561,-0.002120574056036934,0.004983431392116725,0.9999999999217346
562,0.007015239782333227,0.005926595067905159,0.9999999999219273
563,0.007074021717203972,0.010652146835700088,0.9999999999221143
564,0.006321527388603509,0.004534698996780347,0.999999999922295
565,0.005791879025927228,0.003934303143659008,0.9999999999224696
566,-0.006519960562289736,0.008055596421762493,0.9999999999226374
567,0.0004412658191757209,0.005005951116634088,0.9999999999227986
568,0.008050483913759116,0.007164050971365406,0.9999999999229532
569,0.004648834023110875,0.015034755366876885,0.9999999999231011
570,0.0032795876998497437,0.0065232885830187855,0.9999999999232423
571,-0.003113737655049291,0.004673105686396648,0.9999999999233764
572,0.00028129190179857844,0.00808150902332121,0.9999999999235025
573,0.00136833430838106,0.008003416515417833,0.9999999999236198
574,-0.003408686840035965,0.001688188242774322,0.9999999999237277
575,0.0013643652422128541,0.00619875669157261,0.9999999999238254
576,-0.0033161220968407996,0.003255002752154631,0.999999999923912
577,-0.007819414206658765,0.002748338852949013,0.9999999999239866
578,-0.0029303194708151653,0.0034142299320161595,0.9999999999240483
579,-0.005635577099075997,0.005363456441459996,0.9999999999240967
580,-0.008015287281135288,0.0030800751743870866,0.9999999999241314
581,-0.009523913363054661,0.009119213221924799,0.9999999999241513
582,-0.010263578060028818,0.012433015930529,0.9999999999241558
583,-0.004206762234247647,0.0012626395768500008,0.9999999999241442
584,-0.004243183590236728,0.008749301775189964,0.9999999999241158
585,-0.004378850372951493,0.0004731122897331677,0.9999999999240696
586,-0.001144805718885936,0.0033940461102072252,0.9999999999240052
587,-0.0019737736826887934,0.011023471384317375,0.9999999999239226
588,-0.0004984977813148511,0.014977039329024971,0.9999999999238223
589,-0.005633950510741599,0.008191214818759973,0.999999999923705
590,-0.006060259229043448,0.026034129234303885,0.9999999999235718
591,0.006333606357711647,0.011371731167581466,0.9999999999234239
592,0.004644306313247868,0.01127629804644624,0.9999999999232623
593,-0.00104246709131237,0.012534824804531273,0.9999999999230877
594,-0.0027311432493780908,0.0007231379164492281,0.9999999999229012
595,-0.005861460465630188,0.004635397968598682,0.9999999999227036
596,-0.00019346334879019996,0.00020161666394204712,0.9999999999224958
597,-0.00036187137130964855,0.005888950047462327,0.9999999999222786
598,-0.005298445204338141,0.005570892211340487,0.9999999999220535
599,-0.004122166727272306,0.00027986442888270496,0.9999999999218221
600,-0.004822962565961616,0.004062886653334428,0.9999999999215867
601,-0.004125866931868759,0.0033140117503705274,0.9999999999213496
602,-0.005293610454495567,0.0006661626004860998,0.9999999999211124
603,-0.00638594589426014,0.003264703232828817,0.9999999999208762
604,-0.0029685907420375734,0.007367594595680453,0.9999999999206408
605,-0.003180551978223232,0.006811574089481729,0.9999999999204068
606,-0.0028437273616573862,0.0031313687038518616,0.9999999999201745
607,-0.0007040389506073929,0.016222804176167453,0.9999999999199449
608,0.0006606784806635546,0.01376497866753525,0.9999999999197189
609,0.0017844206178808362,0.0036773970057515644,0.9999999999194982
610,0.0007831633588840725,0.006183311144339163,0.999999999919285
611,-0.0008388822679550197,0.009321449024745706,0.9999999999190816
612,-0.0027980426580276377,0.005877399419451238,0.9999999999188898
613,-0.0029122438451444216,0.019156614349940856,0.9999999999187112
614,-0.003567747263632809,0.023069967737724087,0.9999999999185478
615,-0.00534368639175367,0.001817940653318382,0.9999999999184008
616,-0.0035908052377503098,0.01633881425785454,0.999999999918272
617,-0.0028050300915059504,0.00573221347073377,0.9999999999181628
618,-0.0028572179947794294,0.004636411289431878,0.9999999999180744
619,-0.003563678695640513,0.0017099305074891509,0.9999999999180083
620,-0.005179561157278284,0.000597371846309329,0.9999999999179652
621,-0.003737556946787541,0.002178659188096993,0.9999999999179461
622,-0.0024861705003168316,0.00037847794273962416,0.999999999917951
623,-0.00012810893027811587,0.004562322035726385,0.9999999999179794
624,0.002524529084417191,0.0004953209727902622,0.9999999999180305
625,0.0007858219303043322,0.0019607535231072285,0.9999999999181033
626,-0.0010786357357023251,0.0066919019343217485,0.999999999918197
627,-0.0017166641046056376,0.01176117676424164,0.9999999999183107
628,-0.004027639049614892,6.912798098761063e-05,0.9999999999184426
629,-0.004861301869153278,0.015176847557068343,0.9999999999185909
630,-0.0006312856394667075,0.012977771108637574,0.9999999999187539
631,0.0005664275137164071,0.0009450177300616622,0.9999999999189297
632,-0.003167265836731689,0.002208185453324382,0.9999999999191167
633,-0.0024915052641471453,0.008204387537340999,0.999999999919313
634,-0.00022604155035730027,0.002866977909700604,0.9999999999195168
635,0.0006109400621938954,0.016407643748259922,0.9999999999197269
636,0.0026226678136827314,0.016597594552572443,0.9999999999199423
637,0.003571560238780978,0.00338779046407266,0.9999999999201621
638,0.002864514659716652,0.010586510514220795,0.9999999999203855
639,0.0032273503143846667,0.0008914458801310948,0.9999999999206115
640,0.0033888341428760906,0.005234469253807926,0.9999999999208393
641,-9.214633224934499e-05,0.0031981182711270403,0.999999999921068
642,0.000710822050228886,0.003500484705485505,0.9999999999212967
643,0.005960470997634763,0.006601029449080033,0.9999999999215246
644,0.006068944397899186,0.00478760473882399,0.9999999999217506
645,0.006843198425912098,0.008653424697238303,0.9999999999219744
646,0.008130645396735536,0.007699997930357226,0.9999999999221956
647,0.007606385164546526,0.004668190076969171,0.9999999999224136
648,0.007870814244495672,0.0011376611442134432,0.9999999999226286
649,0.004521975393603774,0.011271982306786549,0.9999999999228399
650,0.0026959076511704986,0.007593468558882338,0.9999999999230473
651,0.003684232738312456,0.004975549514194042,0.9999999999232498
652,0.0036254169883141716,0.01021536544415134,0.9999999999234461
653,0.003052395349417619,0.01022263960020443,0.9999999999236353
654,0.001119535375369907,0.005902673185384926,0.999999999923816
655,0.0029830429612236193,0.004172084897791615,0.9999999999239875
656,0.004091113943741193,0.011217869430690587,0.9999999999241482
657,0.0029891548587330187,0.007827852264274675,0.9999999999242974
658,0.00432065800519473,0.0022168459983872607,0.9999999999244342
659,-0.00018709883862445852,0.009649930006268308,0.9999999999245577
660,-0.001245305358696266,0.007543103453035958,0.9999999999246674
661,0.0027905803536620657,0.0012069465511160013,0.9999999999247629
662,-0.0015848161708402497,0.0044796558195806455,0.9999999999248432
663,-0.002266121280496015,0.002385405609021461,0.9999999999249085
664,0.00043190269861320403,0.005742556007928909,0.9999999999249587
665,-0.0013066434399361315,0.0054109357423942255,0.9999999999249938
666,-0.0001707580906041065,0.01615684171392428,0.9999999999250129
667,-0.000987483922407555,0.007495537618363553,0.9999999999250146
668,-0.0029762009454790653,0.008871426287019034,0.9999999999249982
669,-0.0012593466307733287,0.010023348326500673,0.9999999999249636
670,0.0004096819599806934,0.0007835890555750551,0.9999999999249112
671,0.004253714588518557,0.004561091788079559,0.9999999999248415
672,0.00661602862563938,0.007464708590046214,0.9999999999247549
673,0.004110189859375323,0.0020240390481494584,0.9999999999246514
674,0.003786924391072963,0.015787139044135437,0.9999999999245315
675,0.004237713693803434,0.017558201431624152,0.999999999924396
676,0.003600851181632588,0.007424724288185991,0.9999999999242459
677,0.0046205960696146,0.019525268927865238,0.9999999999240825
678,0.0032667203826025376,0.003549092602107179,0.9999999999239075
679,0.002029865308061601,0.006545676536917585,0.9999999999237228
680,0.003195650043018569,0.0006191061833332816,0.9999999999235296
681,0.0019363491611973855,0.00011503225981657249,0.9999999999233293
682,0.0006632905413894309,0.002304375621639224,0.9999999999231233
683,-0.0014407867297958317,0.002981608948366935,0.9999999999229123
684,-0.0046765564737210885,0.001162312838474896,0.9999999999226974
685,-0.004688390595864176,0.010904628235082852,0.9999999999224789
686,-0.004473901785670108,0.00646952639316033,0.9999999999222564
687,-0.004631431451951553,0.012706445493762984,0.9999999999220299
688,-0.004585461393415679,0.010833787796004,0.9999999999218003
689,-0.004399056284830581,0.010000624870184632,0.9999999999215681
690,-0.0018046016182395178,0.011843612342323815,0.9999999999213345
691,-0.0012921227617064684,0.007158610534458748,0.9999999999211004
692,-0.004809036582393769,0.014107494555762799,0.9999999999208664
693,-0.007024710580893931,0.0016528550196489855,0.9999999999206328
694,-0.004868016600137285,0.006932685463207615,0.9999999999204001
695,-0.0010568017122441938,0.0026863351500635534,0.9999999999201692
696,-0.001933120830045769,0.0014425918551173203,0.9999999999199409
697,-0.004028956940487009,0.001118541753712861,0.9999999999197167
698,-0.0016993124940680583,0.00046768431908468956,0.9999999999194968
699,-0.0014012131282426128,0.006269810201938943,0.9999999999192815
700,-0.00418963736551472,0.0074534568300792005,0.999999999919071
701,-0.004720942132726112,0.005717009029520791,0.9999999999188662
702,-0.00381469884337778,0.010055662338850224,0.9999999999186686
703,-0.0019787176829808785,0.008039228728549957,0.9999999999184794
704,-0.0008301059174110628,0.011636361721558033,0.9999999999183
705,-0.0017544708300148955,0.01258651714834257,0.9999999999181317
706,-0.0012729522211073524,0.01906013167644658,0.9999999999179758
707,-0.0009715537815177681,0.002675605709130711,0.9999999999178337
708,0.0006500162424750786,0.011122840895330615,0.9999999999177067
709,0.003181274556574994,0.0028225693821652136,0.9999999999175957
710,-0.0034358551588547816,0.004078417792339485,0.9999999999175015
711,-0.007617762245454084,0.00971475081911976,0.9999999999174247
712,-0.0008594675009399491,0.0074615544628111345,0.9999999999173652
713,0.000900855137516698,0.0010512907605631336,0.999999999917323
714,-0.002840309341556358,0.01423067435043359,0.9999999999172986
715,-0.003385678959804444,0.016432356567221904,0.9999999999172919
716,-0.0013040846502750721,0.0001410617097444248,0.999999999917303
717,-0.0046976187149620485,0.005952070611094951,0.9999999999173319
718,-0.009195670155689055,0.006408060306079344,0.9999999999173781
719,-0.0020662692990308477,0.005555096597164029,0.9999999999174412
720,0.002349664031915175,0.005682618024476221,0.9999999999175206
721,-0.00155518673783782,0.005516510353856842,0.9999999999176161
722,-0.001114844750643878,0.00446628111813575,0.9999999999177276
723,-0.0011481247092257855,0.00431845659274706,0.999999999917855
724,-0.0012100583593090634,0.003574575686768608,0.999999999917998
725,0.004516425227721357,0.0019858603768299105,0.9999999999181561
726,0.008089431151441801,0.019210243182275783,0.9999999999183289
727,0.006751162054786447,0.009729273469799377,0.9999999999185154
728,0.003043215969038176,0.015186485982342254,0.9999999999187152
729,-0.0027604329939557204,0.015302740271090636,0.9999999999189275
730,-0.002312755989121419,0.004296583683575546,0.9999999999191509
731,0.003016734311997545,0.0047177385830973395,0.9999999999193845
732,0.0031814829712504345,0.0011386129469221709,0.999999999919627
733,0.0008935302055828101,0.0059475457337092195,0.999999999919877
734,-0.0007730662159684525,5.269108201775392e-05,0.9999999999201332
735,0.0019191674475330495,0.004970716841125741,0.9999999999203948
736,0.004363734975224206,0.0028132214907318712,0.9999999999206608
737,-0.0007249077970217584,0.0059370579059047305,0.9999999999209304
738,-0.0012749039174905267,6.346083741701918e-05,0.999999999921203
739,0.0016353737555586728,0.002462156252337584,0.9999999999214784
740,-0.0005299374088271249,0.00024862567462508945,0.9999999999217555
741,0.0009784911762028767,0.004276762806306844,0.9999999999220335
742,0.005759874408981796,0.006784452330896954,0.9999999999223115
743,0.003832808260286957,0.0008913173159181103,0.9999999999225886
744,-0.00034179093578703344,0.002478240535623947,0.9999999999228635
745,0.00140540527733642,0.004780622687217631,0.9999999999231353
746,0.0020306697967146237,0.0018633966745485882,0.9999999999234035
747,-0.0010850106823790556,0.015294529629262409,0.9999999999236677
748,-0.0009981459080208254,0.014592926669290959,0.9999999999239271
749,0.0015299356005860519,0.004844030424849433,0.9999999999241811
750,-0.0002463669817147619,0.007844157934241118,0.9999999999244293
751,-0.005342467092268256,0.0013185860746516283,0.9999999999246714
752,-0.0021156785080263603,0.0046782083555477055,0.9999999999249067
753,0.002664871300682077,0.01134440610369861,0.999999999925135
754,0.0011099943740398221,0.0030912696688585777,0.9999999999253553
755,0.0029890204686757824,0.0004463375834688443,0.9999999999255671
756,0.0032152728510188105,0.002999497996331331,0.9999999999257696
757,0.0011791403060179755,0.009707227353564102,0.9999999999259623
758,0.00213771623417519,0.021366359524473834,0.9999999999261449
759,0.0019961199388815382,0.012944882076962604,0.9999999999263167
760,0.0017385753167035896,0.0013597493273557124,0.999999999926477
761,-0.0008782627885834455,0.005277292362830607,0.9999999999266245
762,-0.001026049936029901,0.014663342707721872,0.9999999999267586
763,0.001903154305432294,0.016328632761193385,0.9999999999268794
764,-0.0010036123641365873,0.005331328228908548,0.9999999999269873
765,-0.0008519113715073977,0.0003613909863099219,0.9999999999270828
766,0.0016738243291396998,0.0047705774257238215,0.9999999999271663
767,-0.0006225770019639657,0.00039170880320052285,0.9999999999272378
768,0.001634996416197773,0.009502646856425323,0.9999999999272968
769,0.005057379618764724,0.004562367362090968,0.999999999927343
770,0.002075339166329033,0.004876479414303145,0.9999999999273759
771,0.0015180946816185834,0.0042097845987700555,0.999999999927395
772,0.002806975870862481,0.01467012928513421,0.9999999999274003
773,0.0008375731902271158,0.003809167250729071,0.9999999999273919
774,0.003315354650716213,0.007106088837249908,0.9999999999273701
775,0.003638932173943521,0.0002548226904021101,0.999999999927335
776,8.613224772135983e-05,0.005810975280246041,0.9999999999272857
777,0.004364808523452886,0.0018872764176831593,0.9999999999272218
778,0.0021165934483221224,0.006759492102171077,0.9999999999271423
779,-0.003606674542131088,0.0019558022591425993,0.9999999999270459
780,0.001698751041372845,0.0009709515259054552,0.9999999999269318
781,0.0022044765736763047,0.002121541486481804,0.9999999999267999
782,-0.000759304488526036,0.0019792450432574112,0.9999999999266498
783,-0.0013214321734448318,0.0013283491807459058,0.999999999926481
784,-0.0032088288932153857,0.0029950067566475638,0.9999999999262932
785,-0.0014255024976843375,0.008741988529920343,0.9999999999260862
786,-0.0005524214128389887,0.0014989027514544706,0.9999999999258598
787,-0.000832045498424682,0.007595617410611795,0.9999999999256137
788,-0.0012033895030066355,0.0025063316798453776,0.9999999999253486
789,-0.0032208773703933085,0.0034576078592405057,0.9999999999250653
790,-0.0014368580864423104,0.0034457539185307907,0.9999999999247651
791,-0.00033497656480856934,0.007222135593760084,0.9999999999244498
792,-0.0011519549346381867,0.0035320282369468436,0.9999999999241211
793,-0.0006570317146954615,0.006947784854813973,0.999999999923781
794,-0.0008797168272663045,0.010100556918533513,0.9999999999234315
795,-0.0007503462502858002,0.01791641747337831,0.9999999999230749
796,-0.0008940588618176286,0.0017852082720788026,0.9999999999227138
797,-0.0006709601153771431,0.015055752043048995,0.9999999999223506
798,-0.0008491525193853264,0.002089636937052491,0.9999999999219873
799,-0.0008983128942560754,0.005501981000691076,0.9999999999216258
800,-0.0003518661015215962,0.004848265356399728,0.9999999999212674
801,-0.004462085706654791,0.00831720601129789,0.999999999920913
802,-0.00556405849803849,0.003954371804887901,0.9999999999205635
803,-0.0019235677632783313,0.006616317392343519,0.9999999999202194
804,0.0003216869086026719,0.00622014280929015,0.9999999999198805
805,0.0043591639108994775,0.0048712469416185514,0.999999999919547
806,0.002556990640248188,0.012927679494083058,0.9999999999192193
807,-0.0036544850436934046,0.010933898163408914,0.9999999999188978
808,-0.003839276085118559,0.004174276628836695,0.9999999999185833
809,-0.0005664394853648221,0.0021490327150234722,0.9999999999182774
810,0.002334766557080271,0.004692028615544517,0.9999999999179816
811,0.0017462547400981033,0.003393748873447596,0.9999999999176983
812,0.00305803259159294,0.0014301603024212924,0.9999999999174296
813,0.004178061333253892,0.006415412214562994,0.9999999999171774
814,0.00023153126291193256,0.0019458335995662253,0.9999999999169429
815,0.0016534275465711142,0.006724638753422289,0.9999999999167271
816,0.0023971592873997466,0.0034769605699224533,0.9999999999165312
817,-0.00033262762104130166,0.0013639459730793446,0.9999999999163558
818,0.0015630341419050526,0.006450307416465968,0.9999999999162017
819,0.0002568287163211404,0.005954389929463671,0.9999999999160698
820,-0.0016055164207400122,0.010210233143873768,0.999999999915961
821,0.00021352536455968485,0.007600703513701696,0.9999999999158757
822,-0.0013169016974216797,0.015687558617875404,0.999999999915814
823,-0.00020816525298669752,0.01370958385152781,0.9999999999157754
824,0.005067087040735084,0.01541183073602313,0.9999999999157594
825,0.005121937563935497,0.020932038152802618,0.9999999999157656
826,0.0026239973345211,0.0031660223292848053,0.9999999999157931
827,0.0018625330632923043,0.013111651425691682,0.9999999999158415
828,0.002759489371573087,0.002987691704961167,0.9999999999159104
829,0.00489362017900573,0.00026789649350762696,0.9999999999159992
830,0.002487820664565944,0.0009409862730652672,0.9999999999161071
831,-0.0005897934476473858,0.008377850853586524,0.9999999999162337
832,0.002124565407629855,0.011844128703952335,0.9999999999163784
833,0.0026380317725429392,0.0011917620601793134,0.9999999999165405
834,-0.0009962322993474829,0.007215544448265082,0.9999999999167182
835,-0.003115375092239597,0.008012821219975246,0.9999999999169096
836,-0.003958484642452538,0.00708028759184622,0.999999999917113
837,-0.0031256828968206666,0.0023177850781722084,0.9999999999173261
838,-0.000987551941918346,0.003948202592026917,0.9999999999175468
839,-0.0002433973525044892,0.004001994285421063,0.9999999999177729
840,-0.0009599014628874034,0.0009241596800738474,0.9999999999180025
841,-0.0031522330657103746,0.0014362475808105766,0.9999999999182343
842,-0.003978651436219448,0.0057573547388413485,0.999999999918467
843,-0.003018650751679798,0.008565821575627268,0.9999999999187001
844,-0.004098597942182232,7.392361670574882e-05,0.9999999999189333
845,-0.0030332018625874838,0.017205150390268018,0.999999999919166
846,-0.0009139686448545511,0.020454129490908534,0.9999999999193987
847,-0.0006916520600216941,0.0011924892623868001,0.9999999999196314
848,0.002903366882219576,0.014201891904153996,0.9999999999198641
849,0.004081463899315137,0.005572401457195559,0.9999999999200968
850,0.0010301975381665717,0.005427249104038875,0.9999999999203295
851,0.003256449060765885,0.005054302320798687,0.9999999999205622
852,0.007260048659092866,0.0178721165775555,0.9999999999207949
853,0.0034210872451985322,0.012216645786018738,0.9999999999210281
854,-0.002269062023804299,0.004429187961605038,0.9999999999212621
855,-0.0012776817131365506,0.0012442712943899641,0.9999999999214975
856,-0.0007284812342629323,0.01264734663389833,0.999999999921735
857,-0.0029411570031392166,0.026437406189433885,0.9999999999219753
858,-0.004538541914101581,0.021220251400206256,0.9999999999222182
859,-0.002714763265043941,0.006999974241833884,0.9999999999224642
860,0.0017506650586565776,0.006028358034552615,0.9999999999227138
861,-0.0007781454459657831,0.016149574949685802,0.9999999999229678
862,-0.002928472222233412,0.012291601132430389,0.9999999999232267
863,0.0011268782173408517,0.0007334341353812539,0.9999999999234905
864,0.0033804624561453484,0.0047937875997435845,0.9999999999237592
865,0.0013848183874765592,0.013830796167124411,0.9999999999240323
866,-0.00347660667169918,0.002105732186882852,0.999999999924309
867,-0.0030707691330499813,0.01329577079582866,0.9999999999245888
868,-0.002006844308867942,0.006782574590213444,0.9999999999248712
869,-0.0020744968708674137,0.004521964236700008,0.9999999999251559
870,0.0006338908975661796,0.0008368348703671233,0.9999999999254423
871,-0.0026475329554355932,0.004605144635853533,0.9999999999257301
872,-0.004069047488639391,0.0008173021477442979,0.9999999999260183
873,-0.004067670010787772,0.0019756347507119314,0.9999999999263061
874,-0.005855374784548747,0.0012255334123632345,0.9999999999265925
875,-0.0017471944388214196,0.002103741208888457,0.9999999999268763
876,-0.0030558461376908454,0.00017035220647186613,0.999999999927156
877,-0.004021061548205617,0.0031765605805062027,0.9999999999274305
878,0.0018121885055176752,0.008248705676297362,0.9999999999276983
879,0.002764455367426859,0.0022819073305588022,0.9999999999279585
880,0.004007656189954883,0.007832341449944512,0.9999999999282108
881,0.0031200642431436104,0.005968163880769767,0.9999999999284546
882,-0.0019399278011604697,0.0007592965292995072,0.9999999999286895
883,-2.95865898604224e-05,0.0030565413196976827,0.999999999928916
884,0.001362347911461666,0.009640003229909686,0.9999999999291345
885,-0.0006053829459739585,0.003564955425639642,0.9999999999293454
886,0.001966385201669665,0.007065222268331714,0.9999999999295492
887,0.0017103741196336023,0.0033285060299938552,0.9999999999297464
888,-0.0005982096255632598,0.008086112105954472,0.9999999999299369
889,-0.0013017262081644059,0.0031941908260414834,0.9999999999301212
890,-0.003887688582953905,0.015705141197321044,0.9999999999302998
891,-0.0006666888653844207,0.02140991127010433,0.999999999930473
892,0.0011173794820478645,0.004841477904911393,0.9999999999306408
893,-0.005748564326602714,0.014569536972454857,0.9999999999308029
894,-0.005402946109107911,0.018097546914384234,0.9999999999309588
895,-0.0024374719276362596,0.007731950882554869,0.9999999999311076
896,-0.005621337654709861,0.004924415864070074,0.9999999999312488
897,-0.0024498633279010614,0.012330767618688713,0.999999999931382
898,0.003280954751816987,0.006406974531968006,0.9999999999315068
899,0.0001788316444056256,0.010319165874676338,0.9999999999316227
900,-0.0022143921305755616,0.012344632538190759,0.9999999999317288
901,0.0026198648642481634,0.00772441926245698,0.9999999999318243
902,0.00410692728292624,0.016067172208305537,0.9999999999319082
903,-0.0007897581378765847,0.002398886673370214,0.9999999999319802
904,-0.0014025103089920265,0.01710001115170886,0.9999999999320397
905,0.0018612992252987712,0.010069280052932577,0.9999999999320868
906,0.0016317660000973247,0.004425039948484267,0.9999999999321219
907,0.001806998592115039,0.016046947180547225,0.9999999999321454
908,0.0016041677415849186,0.01943620920989703,0.9999999999321578
909,-0.0011553521609372565,0.006840124294051555,0.9999999999321596
910,-0.0013102005316718898,0.012046404548627303,0.9999999999321507
911,-0.0011847878307212508,0.018353743118501003,0.9999999999321303
912,-0.0014466479693305597,0.011624306608121656,0.9999999999320974
913,-0.0008664297475131249,0.00290637607067694,0.9999999999320517
914,0.0008712960859864455,0.002841424425106486,0.9999999999319931
915,0.002823472422688679,0.0036834492277398774,0.9999999999319211
916,-0.002855144709418054,0.0009381009178237114,0.9999999999318359
917,-0.005449946250106553,0.0031000277588146656,0.9999999999317373
918,-1.4498075995655023e-06,0.008302816242881088,0.9999999999316254
919,-0.00011174965073359718,0.0044106678467692615,0.9999999999315006
920,0.0009695079226479432,0.00044997874145707366,0.9999999999313633
921,0.001590918484499021,0.009640374828478461,0.9999999999312141
922,-0.0008368704732207348,0.010447183345432775,0.9999999999310534
923,0.0036987982087601273,0.013260966182878722,0.9999999999308815
924,0.0024691212898092403,0.029260562990458365,0.9999999999306994
925,-0.002177408376794327,0.010575719019352954,0.999999999930508
926,0.002214792934006538,0.01577247529737839,0.9999999999303082
927,0.0011293307211996386,0.017124685300909975,0.9999999999301004
928,-0.004108756047852723,0.004105109721129891,0.9999999999298854
929,-0.0012911204093772949,0.0038402033661812454,0.9999999999296634
930,0.0011892914071476475,0.009885516210877986,0.9999999999294347
931,-0.0007224508707938428,0.012027112851067728,0.9999999999292002
932,-0.002278845245026813,0.0015983754727115092,0.9999999999289608
933,-0.003196985824630019,0.009276300831710372,0.9999999999287175
934,-0.002615173711837113,0.009094847208814727,0.999999999928471
935,-0.0030012829859547042,0.00605600638293222,0.9999999999282214
936,-0.005564424718689263,0.0036456075564111736,0.9999999999279678
937,-0.0031782154887093775,0.00026746039239878194,0.9999999999277094
938,0.0007193734065115898,0.004020715752514642,0.9999999999274451
939,-0.000902252783283425,0.010325779420045303,0.9999999999271743
940,-0.001344649620362447,0.012112367095182066,0.9999999999268958
941,0.0010836134113295446,0.0018507214489011867,0.9999999999266089
942,0.0025148575065030796,0.013093283772472758,0.9999999999263132
943,0.0032641250813124603,0.0041720454245583235,0.9999999999260085
944,0.0030497312223960555,0.0037606253375329127,0.999999999925695
945,0.003023285775857754,0.0025964376734987906,0.9999999999253726
946,0.0030805952487831987,0.005481531638906705,0.9999999999250417
947,0.0032106783900541763,0.0008604794437620675,0.9999999999247033
948,0.0028014257045248297,0.0008854741327443819,0.9999999999243583
949,0.0006896916917756644,0.004440555080107139,0.9999999999240079
950,0.0023505773703914453,0.01053008042413777,0.999999999923654
951,0.0041984426416760015,0.00763588245021124,0.9999999999232991
952,0.001752678162366492,0.0003801739059521958,0.9999999999229461
953,0.004840774801873282,0.004827902473444203,0.999999999922597
954,0.007132053171170846,0.009934293583619375,0.9999999999222542
955,0.002229524084093869,0.010202051132718047,0.9999999999219193
956,0.004197991469593701,0.0013349963925511988,0.9999999999215943
957,0.007928706424806607,0.007772016849426591,0.9999999999212812
958,0.004550194513578278,0.0022845243980576606,0.9999999999209819
959,0.00466842071141113,0.0017440805038605018,0.9999999999206977
960,0.007863554148157656,0.004029714153699536,0.9999999999204294
961,0.007300339770506304,0.001203104269218211,0.9999999999201785
962,0.005297023482360566,0.0027013817489887166,0.9999999999199458
963,0.0040692821808094295,0.0004063096469849681,0.9999999999197327
964,0.0027432008395184213,0.0032546972481016273,0.9999999999195404
965,0.0008712652486219448,0.0036909769499296995,0.9999999999193703
966,7.084461074826059e-05,0.002474492279439001,0.9999999999192233
967,0.0008425437945767155,0.0016923903599038827,0.9999999999190998
968,0.002916756653707747,0.006841096522634733,0.9999999999189999
969,0.0011965849440420209,0.004749212958178091,0.9999999999189235
970,-0.003320764510853744,0.011611805541821181,0.9999999999188711
971,0.0016120604949500061,0.0015104168771090305,0.9999999999188427
972,0.005382486564915958,0.0014010362030344868,0.9999999999188378
973,0.0013948434121660675,0.009441233698684636,0.999999999918856
974,0.0031677715673827656,0.0034996436053285145,0.9999999999188964
975,0.000521724545517694,0.020845813729855334,0.9999999999189577
976,-0.004692542291410778,0.013213952845129074,0.9999999999190385
977,2.6066784330215295e-05,0.0017722145688937314,0.9999999999191371
978,0.0012233145475069038,0.004546078870840204,0.9999999999192517
979,-0.002310716418360679,0.005145868199430002,0.9999999999193805
980,-0.00260656923829758,0.027567966660772013,0.9999999999195222
981,-0.0011608347889641034,0.020241014622400123,0.9999999999196754
982,-0.0006094552791740847,0.009570416057890652,0.9999999999198383
983,-0.0004594260186407432,0.010022844088910228,0.9999999999200093
984,0.0021494705807918665,0.008279555007760061,0.9999999999201865
985,0.002339324170063875,0.0012517967415978464,0.9999999999203677
986,-0.00028299714786658714,0.018006766822171175,0.9999999999205511
987,-0.0010600669109428029,0.004219376853862179,0.9999999999207354
988,0.00017856105115619044,0.010792864122708893,0.9999999999209197
989,0.0017387660629627844,0.0030695924081220773,0.9999999999211031
990,0.00015434136644169665,0.016884778688378746,0.9999999999212843
991,-0.0008701078423157399,0.006064386518726831,0.9999999999214615
992,-0.0001439997723699047,0.01095898247075669,0.9999999999216329
993,-0.0005110685018470051,0.013296696954089124,0.9999999999217972
994,-0.00028598319648242697,0.004893105980144545,0.9999999999219531
995,-0.0033263281968209163,0.0008869917128981627,0.9999999999220992
996,-0.0060689830046185035,0.0014943631907209166,0.9999999999222347
997,-0.003348334085765295,0.003442170467636241,0.999999999922359
998,-0.0029884624042202717,0.00540550928515591,0.9999999999224722
999,-0.003458820078447296,0.003430069561109971,0.9999999999225748
1000,-0.0026789024709278895,0.0038951304393920047,0.9999999999226672
1001,-0.0037880266064516136,0.00796642795676523,0.9999999999227493
1002,-0.0021925654517316153,0.008060024200225264,0.9999999999228213
1003,-0.0011880970897951218,0.003351320091307371,0.9999999999228835
1004,-0.0019882383521227917,0.006236119212237102,0.9999999999229363
1005,-0.0009571317158551909,0.001354703222768738,0.9999999999229807
1006,-0.00251089136056354,0.004017676236316232,0.9999999999230176
1007,-0.0029628107287913174,0.007838224536769228,0.9999999999230478
1008,-0.0005726942765311376,0.0013646585887426236,0.9999999999230718
1009,-0.00192536373590648,0.011431692336666124,0.99999999992309
1010,-0.004236590955092195,0.01105510733745722,0.9999999999231024
1011,-0.00144984919932752,0.0001680920708891896,0.9999999999231086
1012,0.001613733606695522,0.003917098248938024,0.9999999999231086
1013,-0.001707043058905024,0.001082778466928045,0.9999999999231024
1014,-0.0036764220225808937,0.0012685444288248115,0.9999999999230895
1015,-0.0022926919196112304,0.0035835820670221054,0.99999999992307
1016,-0.0030493740272293677,0.005320578941037565,0.9999999999230438
1017,0.00017745116061360078,0.003373965668861433,0.9999999999230118
1018,0.003240289577523321,0.0027618507262073128,0.9999999999229745
1019,-0.00011274721175962444,0.002043285425727848,0.9999999999229323
1020,-0.002332622491714656,0.0055449460190198354,0.9999999999228861
1021,-0.003154763209047255,0.0024678897045231525,0.9999999999228364
1022,-0.002350986051583218,0.006294516206118517,0.9999999999227835
1023,0.00011280816222392044,0.0024822425125864576,0.9999999999227276
1024,2.4840695536625622e-05,0.0006013070763397157,0.9999999999226685
1025,0.0009065095418180559,0.009812335759391104,0.9999999999226064
1026,0.0021992903806132046,0.01106825013785769,0.9999999999225415
1027,0.001500434541776854,0.0033784715530006653,0.9999999999224745
1028,-0.0008691269668715158,0.007278500780198996,0.9999999999224056
1029,-0.0017641443363200075,0.00019169342634509784,0.999999999922335
1030,-1.6079605695113863e-05,0.005424946491919942,0.9999999999222622
1031,-0.0028592262120761317,0.01663511838364537,0.9999999999221871
1032,-0.0018469710702368155,0.011762828716962527,0.9999999999221103
1033,0.0022911993803053053,0.00395631840721291,0.9999999999220321
1034,-0.0016822877579220083,0.012306360710316714,0.9999999999219531
1035,-0.0001790658418685438,0.01322258975742378,0.999999999921874
1036,0.0033231494106772536,0.014012107619265971,0.9999999999217959
1037,0.0008218318827418335,0.009075587200539114,0.9999999999217191
1038,0.002507838964246733,0.0056734945232382265,0.9999999999216436
1039,0.0012985676535889154,0.017005142940845645,0.9999999999215694
1040,-0.003401184849534982,0.014457184747016898,0.9999999999214966
1041,-0.0019355240444659419,0.004275492480683554,0.9999999999214251
1042,0.0001096311279064901,0.0058026337770710834,0.9999999999213554
1043,0.00026290769000406435,0.009103552271289068,0.9999999999212879
1044,0.0008929149832169508,0.0008856412677887344,0.9999999999212226
1045,-0.0004604013197275601,0.003915360087707436,0.9999999999211595
1046,-0.0014717432092501562,0.005665455331484558,0.9999999999210991
1047,-0.0007963640355366381,0.005556173413127885,0.9999999999210418
1048,-0.0014042215662661596,0.011386375632330283,0.9999999999209881
1049,-0.000636804042693987,0.009825201834477612,0.9999999999209384
1050,0.0011978295591028275,0.009948604712531306,0.9999999999208926
1051,-0.0002704726063013671,0.009051239144735101,0.9999999999208504
1052,-0.002060581669624488,0.00397796905247593,0.9999999999208113
1053,-9.142232545789813e-05,0.0005383548692303558,0.9999999999207749
1054,0.0008364738875400392,0.0010757197389204846,0.9999999999207407
1055,-0.00022060976703161756,0.008081199823759636,0.9999999999207079
1056,0.0009880612623805209,0.0007113219575589492,0.9999999999206755
1057,-0.003233566712154932,0.016917453138524694,0.9999999999206421
1058,-0.00797634654409508,0.004651562877158285,0.9999999999206066
1059,-0.00280077269823111,0.013440532615770539,0.999999999920568
1060,0.00013494907544120578,0.0024879959495659716,0.9999999999205258
1061,0.0007828138687942631,0.009236896144624881,0.9999999999204805
1062,0.0026238802356997803,0.006684002821694257,0.9999999999204325
1063,0.0007282548291217084,0.020997232665242217,0.9999999999203819
1064,0.00023322541088737555,0.010000678718100911,0.9999999999203291
1065,-0.0002607918532921661,0.005745603257870329,0.999999999920274
1066,-0.0016059381860754765,0.012030876265919062,0.9999999999202172
1067,-0.004136876779759246,0.017279503322118285,0.999999999920159
1068,-0.007043019169592511,0.01593386719555361,0.9999999999200999
1069,-0.003972495704429298,0.0007166241173383756,0.9999999999200408
1070,-0.001997579473788331,0.013319807360817094,0.9999999999199827
1071,-0.002811747621418336,0.007014166120616318,0.9999999999199263
1072,-0.0003617764528916489,0.00029852602001253126,0.999999999919873
1073,0.004046896174152053,0.00203180468492786,0.9999999999198232
1074,0.0049375951652572,0.0020472033618912405,0.9999999999197775
1075,0.0010290229642890853,0.0006075426517898243,0.9999999999197366
1076,-0.000361034745363775,0.004846866142926906,0.9999999999197011
1077,-0.002825119586451614,0.0053200608047812865,0.9999999999196709
1078,-0.005337487686676548,0.0001561236700115542,0.9999999999196456
1079,-0.0005727063491610012,0.0008211787397147446,0.9999999999196252
1080,0.0007079725554690648,0.002125855449421403,0.9999999999196101
1081,-0.0032767626700652545,0.007897426924859603,0.9999999999196003
1082,-0.002882902698553594,0.009073220990078765,0.9999999999195963
1083,0.0004629028139532822,0.006242976374208242,0.999999999919599
1084,0.002108927547025216,0.005554556589714575,0.9999999999196092
1085,0.0010693411084367486,0.0015121226162960054,0.9999999999196278
1086,-0.0011172514395680457,0.009587235676453592,0.9999999999196554
1087,0.0008471924725634302,0.01809561010463898,0.9999999999196922
1088,0.0024236146379120064,0.010983621578576113,0.9999999999197389
1089,-0.003056895901414141,0.008343762715403824,0.9999999999197953
1090,-0.0024709319217237416,0.015433167248451788,0.9999999999198614
1091,0.002042373930529715,0.00034781827843257144,0.9999999999199374
1092,0.0006406200261022082,0.013887637258589745,0.9999999999200226
1093,0.0024348025970486417,0.004004894498992883,0.9999999999201163
1094,0.0025749336537498604,0.012216428396632199,0.9999999999202172
1095,0.0007507116669011855,0.009263713103943805,0.9999999999203237
1096,0.004203437666177929,0.005712540304483519,0.9999999999204343
1097,0.004663416542305374,0.008341955908937828,0.9999999999205476
1098,0.003589959988612899,0.0007416163832108065,0.9999999999206626
1099,0.004760390529802726,0.0012838976643213757,0.9999999999207789
1100,0.003858719652733222,0.0025086998904226368,0.999999999920897
1101,0.001185949340131183,0.009034402235743566,0.9999999999210174
1102,-0.0011847270620238524,0.016021649299290345,0.9999999999211404
1103,0.00020233249608745405,0.0041900552463894035,0.9999999999212665
1104,0.0027013340383853527,0.008837605851761451,0.9999999999213958
1105,-0.0007215519577577741,0.00867061953786223,0.9999999999215285
1106,-0.002451921495002755,0.002836843137888107,0.9999999999216649
1107,0.001697043017050887,0.0010505706289606332,0.9999999999218052
1108,0.0006924012886921321,0.005858706450408396,0.9999999999219495
1109,-0.0012770742196733366,0.010429775291934834,0.9999999999220979
1110,0.0034891625636661997,0.0037583637073149967,0.9999999999222502
1111,0.004744728360916158,0.009579290455535247,0.9999999999224061
1112,0.0003311126966808745,0.014922695871263214,0.999999999922565
1113,-0.0009031208633396563,0.011670012672524883,0.9999999999227267
1114,5.749941485590714e-05,0.00528419771984483,0.9999999999228906
1115,-0.0006170989880686786,0.004982026484375894,0.9999999999230562
1116,-0.0003263272036225721,0.011911562624602178,0.9999999999232236
1117,-0.00018202162948028787,0.005415409669468577,0.9999999999233928
1118,-0.0008623349614012591,0.005527831070843394,0.9999999999235634
1119,0.00035305690525530065,0.005825922723885711,0.9999999999237352
1120,-0.0013659137545872892,0.0030574705227957594,0.9999999999239089
1121,-0.002243441671154404,0.011403504778379488,0.9999999999240847
1122,0.0014076734975432663,0.012202524246857197,0.9999999999242632
1123,-0.002288322746318336,0.0033282127648089554,0.9999999999244449
1124,-0.004326799508218124,0.006111918106978997,0.9999999999246296
1125,0.0034200616619247783,0.008832689473930507,0.999999999924817
1126,0.004573627634661915,0.011413158405275564,0.9999999999250067
1127,0.0032656602426652842,0.010946510723865285,0.9999999999251985
1128,0.004845994225875646,0.001575252759975635,0.9999999999253917
1129,0.002778966191189506,0.011010717639437147,0.9999999999255853
1130,0.0025703127450210934,0.0049231103739705686,0.999999999925778
1131,0.002081717548422916,0.0004916351209063412,0.999999999925969
1132,0.003087027679393808,0.001414644296408286,0.9999999999261573
1133,0.007778212360802698,0.0014009856713150391,0.9999999999263425
1134,0.005745205923187504,0.0056135241175736044,0.9999999999265241
1135,0.0025324514685152325,0.00036832372789952043,0.9999999999267017
1136,0.002077347557318909,0.009314906678991236,0.9999999999268745
1137,0.00018672258843757618,0.0054096724667081555,0.9999999999270415
1138,-0.0010422625009852506,0.00790698514960368,0.9999999999272018
1139,-0.00013022420877519675,0.01147739164214513,0.9999999999273546
1140,0.002673697225518314,0.0029845104641899223,0.9999999999274993
1141,0.0017516082550820794,0.0030189186117035513,0.9999999999276361
1142,0.0007686715254569237,0.004285106966090065,0.9999999999277644
1143,0.003995890483036349,0.006642011505128473,0.9999999999278839
1144,0.006782507794325433,0.008147621826763467,0.999999999927994
1145,0.007357819946695171,0.0053886285169920094,0.9999999999280949
1146,0.003006776031315793,0.002865528512656915,0.9999999999281859
1147,0.0024804522245907823,0.012634321980124088,0.9999999999282663
1148,0.0051848264137811205,0.01287397203682977,0.9999999999283351
1149,0.0027691422568086616,0.0003698518242955009,0.9999999999283915
1150,0.0025212850139535495,0.01275934006998927,0.9999999999284346
1151,0.002138196875375413,0.012468982638005601,0.9999999999284639
1152,0.0032097258355096156,0.0015994259708332363,0.999999999928479
1153,0.004734682603478651,0.001852883298722944,0.9999999999284803
1154,0.0029432742630837836,0.0011413863805186538,0.9999999999284688
1155,0.0056800020508214295,0.010326541374121246,0.9999999999284448
1156,0.0015673118059065815,0.025910398515957823,0.9999999999284088
1157,-0.004605216020884765,0.013865711016188989,0.9999999999283609
1158,-0.002375817339977755,0.014640535801149789,0.9999999999283009
1159,-0.0072252068470367685,0.023664180387899057,0.999999999928229
1160,-0.010645212594359254,0.013282854153639174,0.999999999928145
1161,-0.00547438948777525,0.003142511779588813,0.9999999999280491
1162,-0.006131020412220783,0.0046627570604258345,0.9999999999279416
1163,-0.010016847145997118,0.010290648471848463,0.9999999999278235
1164,-0.007707058109663011,0.007581180530245797,0.9999999999276956
1165,-0.0049704099609569575,0.001566724606979103,0.9999999999275584
1166,-0.007542985103665271,0.001158899357031516,0.9999999999274127
1167,-0.007367191210716025,0.004014149818399393,0.9999999999272595
1168,-0.00277971317841444,0.004068189983628224,0.9999999999270996
1169,-6.693913666352318e-06,0.002108967402863998,0.9999999999269344
1170,0.0014348179469413436,0.0033246107827662815,0.9999999999267657
1171,0.001571604642741711,0.0034322819291906885,0.9999999999265947
1172,0.0001711225340347638,0.006221076042765665,0.9999999999264224
1173,-0.0005698125497624772,0.004376384463656743,0.9999999999262497
1174,-0.002916089843194075,0.0012595419758354009,0.9999999999260769
1175,-0.003999187576129913,0.006784080935413101,0.9999999999259046
1176,0.0011306787103195952,0.008543192142091687,0.9999999999257336
1177,0.006182916814048889,0.002862416945281984,0.9999999999255649
1178,0.008690213329621672,0.0025567777572576586,0.9999999999253997
1179,0.007570141449281426,0.012543532044013194,0.9999999999252398
1180,0.003968529095672633,0.007932559823201034,0.9999999999250866
1181,0.004059010390719323,0.010396895311195975,0.9999999999249414
1182,0.004015587788673848,0.0052273486431084785,0.999999999924805
1183,0.0044005209569643565,0.008210989692110707,0.9999999999246785
1184,0.0035115630560514028,0.00206808911906141,0.999999999924563
1185,-0.0009947735653257133,0.012516754156795854,0.99999999992446
1186,0.00026219485487561256,0.0012270668616097054,0.9999999999243703
1187,0.0021246006469489314,0.010315230747795714,0.9999999999242939
1188,8.212242577443644e-05,0.00340366991782011,0.9999999999242304
1189,-0.0005113120991315565,0.011073500989833198,0.9999999999241789
1190,-0.0004144229475683006,0.0025827296856977206,0.9999999999241385
1191,0.00014116663373403866,0.0047329949121066505,0.9999999999241083
1192,-0.0011005915321961948,0.013045388046483922,0.9999999999240874
1193,-0.0023000873683761696,0.0035658360768718316,0.999999999924075
1194,-0.004143923689345529,0.02524375213593434,0.9999999999240696
1195,-0.00562757462617785,0.012247628694255101,0.9999999999240701
1196,-0.00038466511440553514,0.00905329656655776,0.9999999999240754
1197,-0.0008505922266889827,0.00014172868453396405,0.9999999999240847
1198,-0.005258701662280334,0.012105949014820492,0.9999999999240967
1199,-0.004415869100464815,0.0006834479236431601,0.99999999992411
1200,-0.008101475277002381,0.010963722260150561,0.9999999999241229
1201,-0.00990054330946524,0.005947036076025977,0.999999999924134
1202,-0.008782987989027432,0.0046547144838548745,0.9999999999241425
1203,-0.009230913695501079,0.00779794676508193,0.9999999999241478
1204,-0.006360905033315578,0.006462790479564109,0.9999999999241496
1205,-0.009009751792920545,0.025173081337056515,0.9999999999241473
1206,-0.01229709966324697,0.014280590777563542,0.9999999999241411
1207,-0.00898296734598973,0.018468277517769784,0.9999999999241309
1208,-0.0066226248113625,0.026043653918748327,0.9999999999241167
1209,-0.002806114819277109,0.005989081085650928,0.9999999999240989
1210,-0.0012187269779480687,0.00447608554547476,0.9999999999240776
1211,-0.00242776000167988,0.004032012132400328,0.9999999999240532
1212,-0.0014645954510365225,0.011264654767999774,0.9999999999240261
1213,-0.005390923975694623,0.01279663096589589,0.9999999999239972
1214,-0.007118623995210407,0.0020792093352176868,0.999999999923967
1215,-0.0028468252658485544,0.010614301983442386,0.9999999999239364
1216,-0.0037871209718890915,0.002629568162547587,0.9999999999239053
1217,-0.0033249652084126596,0.00303854379582474,0.9999999999238738
1218,-0.0003918914783469084,0.0017405250380933524,0.9999999999238418
1219,-0.0009394243844472847,0.006539980829673057,0.9999999999238085
1220,0.0030033299034315677,0.0028067364839132122,0.999999999923773
1221,0.004551171121377139,0.0073085692847657665,0.9999999999237343
1222,0.00011461873832007384,0.010535380811643541,0.9999999999236917
1223,0.0018722001911443014,3.784659591244961e-05,0.9999999999236437
1224,0.005373438330853483,0.011371864193441201,0.9999999999235891
1225,0.0054833564739947575,0.012123831098883533,0.9999999999235265
1226,0.004728753863921454,0.0062758012566190595,0.999999999923455
1227,0.0057708089271556766,0.0017891678904332618,0.9999999999233742
1228,0.0077365762988288005,0.01011896157766757,0.9999999999232836
1229,0.005238592889823953,0.013693939626629863,0.9999999999231832
1230,0.0025792725766554184,0.009333441129936094,0.9999999999230735
1231,-0.0013346326806451766,0.0015911372064496103,0.999999999922955
1232,-0.005879354654980416,0.009119531028090853,0.9999999999228275
1233,-0.00414018400775623,0.0006516216274328425,0.9999999999226907
1234,-0.0007295172463697558,0.012166241001168036,0.9999999999225451
1235,0.0027265107873400748,0.003979553519817152,0.9999999999223914
1236,0.0010849307655742975,0.01500285416162418,0.9999999999222307
1237,-0.0023588210143574563,0.013412624683795454,0.9999999999220632
1238,0.0007720731547912041,0.0012445812762864777,0.99999999992189
1239,0.0002591559913054164,0.0020838666058000995,0.9999999999217115
1240,-0.0014974219389924809,0.0017807744136501137,0.9999999999215281
1241,-0.0005611062354132153,0.003269270551890134,0.9999999999213407
1242,0.001971052271566918,0.001531239109074802,0.9999999999211506
1243,0.008079644892925503,0.014592853069050017,0.9999999999209597
1244,0.007437757768911803,0.003495074692907959,0.9999999999207696
1245,0.002883910607842988,0.02024215634628893,0.9999999999205822
1246,0.0008179924668272775,0.016059798209156588,0.9999999999203983
1247,0.00039704303029551477,0.0031710382182348093,0.9999999999202185
1248,0.003725230552015163,0.002899110295217827,0.9999999999200431
1249,0.00569927143861299,0.0052338030787835044,0.999999999919873
1250,0.007568535187487903,0.0015252202858732334,0.9999999999197087
1251,0.007484335757651005,0.002814103758279428,0.999999999919551
1252,0.0027292068158556388,0.0011579232525750884,0.9999999999194005
1253,0.0008087270422108804,0.0033555221225703797,0.9999999999192575
1254,0.00025985710746594766,0.009132864197589748,0.9999999999191229
1255,0.0005294689381654656,0.009756875951787623,0.9999999999189981
1256,0.0004160699609951073,0.0036199834826646624,0.9999999999188844
1257,0.0002542056851916664,0.0041256510447045935,0.9999999999187836
1258,0.0037125233874706516,0.00828481064838175,0.9999999999186966
1259,0.002698573485453389,0.008522577856152402,0.9999999999186238
1260,0.001129190293663566,0.0050195387948619215,0.9999999999185656
1261,0.0026119830459073456,0.0025528812141923578,0.999999999918523
1262,0.0007322176649002199,0.00668881317786384,0.9999999999184963
1263,0.000486736442098776,0.003825946227079677,0.9999999999184852
1264,-0.0004047544080321389,0.0023116688499050953,0.9999999999184892
1265,-0.0013041063703577078,0.00020953476014632782,0.9999999999185079
1266,0.0015817230171969341,0.006918188740845504,0.9999999999185403
1267,0.002118196408376039,0.004737421767749461,0.9999999999185851
1268,0.00445134479085935,0.005896957459820562,0.9999999999186415
1269,0.007633486336712948,0.0019369017839862771,0.999999999918709
1270,0.004957714617430905,0.007563027021806231,0.9999999999187867
1271,0.0012556126796954663,0.0017633783735273275,0.9999999999188738
1272,-0.0006013346027646266,0.010900053051891973,0.9999999999189697
1273,-0.0016928409418748027,0.0010593224063095037,0.9999999999190745
1274,-0.0009521071052254518,0.008215198327196034,0.9999999999191878
1275,0.0018792711070932456,0.0032965091237454752,0.999999999919309
1276,0.00403015595947384,0.004441980010607509,0.9999999999194378
1277,0.0028042474265352808,0.010073701663137766,0.9999999999195728
1278,0.0002678980760818298,0.00998411994617594,0.9999999999197127
1279,0.0004092032445476611,0.0037721593608441347,0.9999999999198566
1280,0.00013533680311492895,0.004115400423783574,0.9999999999200031
1281,6.455411945794536e-05,0.001680790159621534,0.999999999920151
1282,0.0008603880696502579,0.00670051666037435,0.9999999999202989
1283,-0.0037837994540608306,0.013544405134191176,0.9999999999204459
1284,-0.0012683052412075973,0.002615175129288342,0.9999999999205906
1285,0.00458683397502087,0.008449910533662671,0.9999999999207323
1286,-0.00137735560373719,0.006594148936777187,0.99999999992087
1287,-0.0007379669938825184,0.0005784578298750152,0.9999999999210027
1288,0.0008895011805152844,0.004116933098795614,0.9999999999211302
1289,-0.0032556143147456414,0.005103956897712415,0.9999999999212519
1290,0.0010030521191250487,0.0006449352571187388,0.9999999999213673
1291,-0.0010011421220636157,0.0045980411432043795,0.9999999999214766
1292,-0.0038161243620628543,0.00039402431713877675,0.9999999999215796
1293,0.0008720464474669758,0.0003780555080733287,0.9999999999216769
1294,-0.0030446462500202977,0.00915156417384145,0.9999999999217684
1295,-0.005292096851024818,0.015209007415827777,0.9999999999218541
1296,-0.003180527254878721,0.007028710497987159,0.9999999999219336
1297,-0.0048164494988804105,0.006317849097173114,0.9999999999220068
1298,-0.0038349247658322778,0.01443485040457305,0.9999999999220739
1299,-0.004042183461760115,0.01669329512932602,0.9999999999221347
1300,-0.004682251120157229,0.010887352231243964,0.9999999999221898
1301,-0.003086302583428917,0.0006825322527004446,0.9999999999222395
1302,-0.0027526932521906512,0.0020826794764263997,0.9999999999222848
1303,0.0008123371581477915,0.0039816678532323775,0.9999999999223261
1304,0.002387663501429464,0.014153898468303882,0.9999999999223639
1305,0.0011244602740655973,0.014365783538675427,0.9999999999223985
1306,0.0026492505498768902,0.0008178026320751698,0.9999999999224309
1307,0.00034528368741658356,0.0071704931814476364,0.9999999999224616
1308,-0.0020380304301492375,0.0019939127134316757,0.9999999999224909
1309,-0.0008943670496298647,0.001577709906059735,0.9999999999225184
1310,0.0019513812068261375,0.0029047350307779248,0.9999999999225442
1311,0.004345828776463501,0.0014296923139838701,0.9999999999225677
1312,-0.0008019764082982557,0.003976163366868596,0.999999999922589
1313,-0.0042416475027313655,0.006094854888244462,0.9999999999226081
1314,-0.0010888495428648514,0.0003880694853171438,0.999999999922625
1315,0.0017820684029104055,0.008854098437982495,0.9999999999226397
1316,0.002042643172219489,0.011471583607152565,0.9999999999226517
1317,-0.0017012547112873206,0.009321391345572812,0.9999999999226605
1318,-3.087598088094891e-05,0.0033142047814468667,0.9999999999226659
1319,0.003265095856008925,0.006565965723464423,0.9999999999226681
1320,0.0007500372726942225,0.013047865213892756,0.9999999999226667
1321,0.0027826864581216443,0.008438072105072544,0.9999999999226623
1322,0.0009899968213587418,0.0021218952207633463,0.9999999999226552
1323,-0.003084826388852756,0.006385250051334899,0.9999999999226463
1324,0.003828565524339392,0.007070320331394486,0.999999999922637
1325,0.003028303532285778,0.01066538716269004,0.9999999999226286
1326,-0.002446939884674984,0.02323201688543956,0.9999999999226228
1327,0.003728454752692171,0.0064653831501044045,0.999999999922621
1328,0.002519147882470519,0.014679763321474408,0.9999999999226246
1329,-0.004037767363957192,0.008462713308817166,0.9999999999226343
1330,-0.0013244569991135732,0.00527086731195399,0.9999999999226512
1331,-0.00037174097272367056,0.0025042791881115783,0.9999999999226756
1332,-0.0017804820718723634,0.010726110882853862,0.999999999922708
1333,-0.0030121988983559515,0.005208637542488795,0.9999999999227489
1334,-0.004851937563765339,0.019150938046141812,0.9999999999227982
1335,3.296139088106956e-05,0.0065444719207255215,0.9999999999228555
1336,0.0039087594517884005,0.00792110131673152,0.9999999999229199
1337,-4.397719515829247e-06,0.002611832486559642,0.9999999999229905
1338,-0.0017374840398399006,0.002823008768939082,0.9999999999230669
1339,-0.00035489384010628874,0.006310802976945749,0.999999999923149
1340,-0.0012019770362857254,0.013416421868756882,0.999999999923237
1341,-0.000972843045983913,0.006500097353355053,0.9999999999233307
1342,0.00242329321013643,0.004623427735581057,0.9999999999234301
1343,0.0042484933460096965,0.007730398133339118,0.9999999999235354
1344,0.0029797235033045184,0.001849653028610115,0.9999999999236464
1345,0.0009690588712653955,0.0030987572658834357,0.9999999999237636
1346,0.0002075897420333594,0.000882293738471646,0.9999999999238871
1347,0.0010571091994900567,0.001450949381610047,0.9999999999240172
1348,-3.398086157259335e-05,0.0020217142883565196,0.999999999924154
1349,-0.0014909001330772867,0.006955866649091944,0.9999999999242979
1350,-0.00044154401590261797,0.008580455945671554,0.9999999999244489
1351,-0.0010522768245538757,0.000710581277715777,0.999999999924607
1352,-0.0008478890516222454,0.003736036571844085,0.9999999999247717
1353,0.002292705531527325,0.0023056610619237626,0.9999999999249427
1354,0.001714810998817597,0.004209525159473969,0.9999999999251199
1355,-0.0003097902015042461,0.0035268733384983633,0.9999999999253033
1356,0.0015147232353954767,0.00033096661713063975,0.9999999999254925
1357,0.00269060803803888,0.003288797827168351,0.9999999999256866
1358,0.001631950081592709,0.00522139846015182,0.9999999999258837
1359,0.00242674920998613,0.0012717362357879877,0.9999999999260822
1360,0.002040369914440317,2.5383532667685592e-05,0.9999999999262803
1361,-0.0009519712100594349,0.004764200259509406,0.9999999999264761
1362,-0.00047580420185877213,0.0047126805427025725,0.9999999999266684
1363,-0.0011799736832602634,0.010798086435521121,0.9999999999268554
1364,-0.003427206302230537,0.0021788923284270724,0.9999999999270353
1365,-0.0008747792848273761,0.007075501296057973,0.9999999999272062
1366,-0.0009611586810955408,0.006851860758492966,0.999999999927367
1367,-0.0004193910200566322,0.008712455364926546,0.9999999999275162
1368,0.0017412478473995718,0.007114397155109564,0.999999999927653
1369,-0.0034523154863647185,0.008583863287642272,0.9999999999277764
1370,-0.003687507265751313,0.008593691151561845,0.9999999999278857
1371,0.001816360816995995,0.01073085624188951,0.9999999999279803
1372,-0.000216627553851159,0.0075110148768975146,0.9999999999280598
1373,-0.004317808138694302,0.008998804006539633,0.9999999999281242
1374,-0.003254691519022329,0.008654522886475181,0.9999999999281739
1375,-0.0008737316690939779,0.004581889127324824,0.999999999928209
1376,-0.001146867561017278,0.013718869499416508,0.9999999999282294
1377,8.217813632643747e-05,0.005977922427034221,0.9999999999282352
1378,0.0009088210345955081,0.007650239578433528,0.9999999999282263
1379,-0.002245285486312716,0.0035043639896920995,0.9999999999282028
1380,-0.0022412233270176192,0.007613810524355473,0.9999999999281646
1381,0.0005133502854088962,0.01081835577697799,0.9999999999281122
1382,0.0011585007889445406,0.011482682503752376,0.9999999999280464
1383,-0.00011773745890610021,0.010307611244828985,0.9999999999279687
1384,-0.00113941370330788,0.015371050718353351,0.9999999999278804
1385,-0.0006405024413264444,0.001907893207236774,0.9999999999277822
1386,-0.0007937109164672871,0.007962610384056967,0.9999999999276756
1387,-0.0008318204885059836,0.015235015907793964,0.9999999999275624
1388,-0.0007066166133957268,0.01624956623028689,0.9999999999274443
1389,-0.0009142445390204592,0.0009719176912369993,0.9999999999273226
1390,-0.0005742183199853026,0.011875346563654424,0.9999999999271982
1391,-0.0011433025273212686,0.005172945936737949,0.9999999999270726
1392,-0.0002861166063503458,0.004114254433835191,0.9999999999269473
1393,0.0014751642952713446,0.00029862199548268847,0.9999999999268243
1394,-3.771506541349885e-05,0.01059239394098841,0.9999999999267049
1395,-0.00161104771306999,0.01282251585073321,0.9999999999265903
1396,-1.7624034883352506e-05,0.004052714051269271,0.9999999999264819
1397,0.0014048330063298122,0.004268229731265449,0.9999999999263811
1398,-0.0002059300247612229,0.002464437930326225,0.9999999999262887
1399,-0.0012975701233204342,0.0007293509203468785,0.9999999999262057
1400,-0.00046484822485642815,0.0045883473559178755,0.9999999999261324
1401,-0.0010478375446148491,0.010374326101210099,0.9999999999260685
1402,-0.0007398552188061126,0.009112959925744724,0.9999999999260138
1403,-0.0007588113151633474,0.006185538370971942,0.9999999999259681
1404,-0.004003421302195003,0.0004666133866084658,0.9999999999259312
1405,-0.003364597406565925,0.01090337607874677,0.9999999999259033
1406,-0.0013694721664055838,0.011949906678269876,0.9999999999258842
1407,-0.0031650475768405235,0.0025186013851372273,0.9999999999258731
1408,-0.001502979627408923,0.0061523317663700425,0.9999999999258691
1409,-0.00015416124998643877,0.007929555810394794,0.9999999999258713
1410,-0.0016190529885732373,0.011282079694620556,0.9999999999258793
1411,-1.0284994267700837e-05,0.001976392410003541,0.9999999999258922
1412,-0.0017830497522591498,0.009502954769316358,0.9999999999259086
1413,-0.0028717702824285723,0.007336224971637813,0.9999999999259273
1414,0.0012207402486751062,0.005469104761770486,0.9999999999259468
1415,-0.00019916343132004395,0.00336369867467291,0.9999999999259654
1416,-0.0013807106783849115,0.0009253326704088637,0.9999999999259819
1417,-0.00049388932764108,0.004404107824362569,0.9999999999259952
1418,-0.0012636980326906186,0.005924215708883596,0.999999999926005
1419,0.002483356457542675,0.005806224035114754,0.9999999999260107
1420,-0.0014089962378134842,0.004791092250179881,0.9999999999260121
1421,-0.009184734648785723,0.005350649159763672,0.9999999999260085
1422,-0.004199007926123435,0.0075237788009835434,0.9999999999260001
1423,-0.000763582101533796,0.0037202973541491146,0.9999999999259868
1424,-0.0008322494605324097,0.01059675725735543,0.9999999999259681
1425,0.0018300130885394248,0.021350812527595596,0.9999999999259437
1426,-0.0008012454759137016,0.013773458629667399,0.999999999925913
1427,-0.0037219192600985505,0.0011463294189014179,0.9999999999258762
1428,-0.0014059177062914325,0.0048245053088108655,0.9999999999258331
1429,0.0028273938527779603,0.001295391804512452,0.9999999999257834
1430,0.0038739966760924878,0.003364221525282697,0.9999999999257265
1431,0.003067615216223872,0.004766834682062063,0.9999999999256621
1432,0.004040423754479194,0.012322375671032832,0.9999999999255897
1433,0.002502894245082314,0.007429346263867561,0.9999999999255089
1434,0.0018662258137838183,0.0012024630354559708,0.9999999999254192
1435,0.0017781017256951394,0.0059891259089518475,0.9999999999253202
1436,-0.0006469336300681226,0.006429325509794824,0.9999999999252114
1437,-0.0011511118948912247,0.006680502288875456,0.9999999999250933
1438,-0.0010848138249463896,0.012796868969107927,0.9999999999249662
1439,0.0024466304008491117,0.002740303399003624,0.9999999999248304
1440,0.00410677144799322,0.005848131081199683,0.999999999924686
1441,-0.00011788920348187299,0.004120451880406004,0.9999999999245337
1442,0.0012365388864820988,0.001142775366490122,0.9999999999243734
1443,0.00521549976870726,0.00035156653842773576,0.9999999999242051
1444,0.004961085599873011,0.004417226994080852,0.9999999999240292
1445,0.0014287692253670287,0.011476887894491836,0.9999999999238467
1446,-0.00028543026257761865,0.011521949283239064,0.999999999923658
1447,0.001192110048740899,0.003957181542195708,0.9999999999234639
1448,-0.0005161131520112464,0.0058441750662770395,0.9999999999232654
1449,-0.0012098305262403925,0.012768309619011105,0.9999999999230633
1450,-0.001166924399973252,0.008268110463730651,0.9999999999228586
1451,-0.0007549089971701016,0.0027805536811301816,0.9999999999226521
1452,0.004559268216928664,0.0011703830424639292,0.9999999999224443
1453,0.004796364751804886,0.007608330442591714,0.9999999999222351
1454,0.0022149769161382846,0.0028234678961255645,0.9999999999220246
1455,0.004047531752993679,0.005636411665186322,0.9999999999218123
1456,0.002836795067236864,0.0014541896651760985,0.9999999999215983
1457,0.0007075697641246096,0.0025853929542332186,0.9999999999213824
1458,0.002846554636311673,0.0024821335600995246,0.9999999999211653
1459,0.003958099294562759,0.0051550143482610115,0.9999999999209472
1460,0.0021339166116046476,0.001917632562086888,0.9999999999207292
1461,0.0019259099480566908,0.0013669617515379927,0.999999999920512
1462,0.004012988283301575,0.0018858591750445769,0.9999999999202971
1463,0.005763699797254504,0.002192190948569053,0.9999999999200853
1464,0.006221585093965647,0.004655223074901336,0.9999999999198779
1465,0.0060181748945165965,0.003370265034826468,0.9999999999196758
1466,0.003438446079825191,0.011060459626825241,0.9999999999194795
1467,-0.0005339283710995724,0.003391494188537685,0.999999999919289
1468,-0.001458685136008637,0.007895385310867179,0.9999999999191038
1469,-0.001732366753691233,0.00550364279512177,0.9999999999189235
1470,-0.0004677619812947665,0.00012930206888864975,0.9999999999187481
1471,0.000465433670625962,0.004788581853209006,0.9999999999185771
1472,-0.0032919290161634684,0.007137613620545052,0.9999999999184102
1473,-0.002131257144426086,0.002889353595391263,0.9999999999182472
1474,0.001666810761325294,0.008557459106684222,0.9999999999180877
1475,-0.001095087205348623,0.0028306911471579865,0.9999999999179319
1476,-0.002475655395389205,0.001199298368611218,0.9999999999177795
1477,-0.0001734155791265075,0.006322097306354987,0.9999999999176303
1478,-0.0003082215650658516,0.006125679160992172,0.9999999999174838
1479,2.802102711067702e-05,0.0006799299605346391,0.9999999999173399
1480,-0.00023769911246702415,0.006923309217178,0.9999999999171987
1481,-0.003515264744394789,0.007151715974683686,0.9999999999170597
1482,-0.002523295779809351,0.001214723570504427,0.999999999916922
1483,-0.0014016441932321682,0.0025564121408749234,0.9999999999167848
1484,-0.002150384080210706,0.0014231090635288394,0.9999999999166471
1485,-0.0016020567818948994,0.003387445312988141,0.9999999999165086
1486,-0.005466128837390151,0.004187921765540063,0.9999999999163687
1487,-0.004178553173862616,0.0059112538412501095,0.9999999999162279
1488,-0.00014319263169327136,0.013016423867001225,0.9999999999160867
1489,-0.0041796785138481455,0.003766623526126998,0.999999999915945
1490,-0.002955740834576916,0.00413750200923416,0.9999999999158029
1491,0.0009757775468332361,0.0015414716561154653,0.9999999999156608
1492,0.0005058272110047349,0.0038941410031894342,0.9999999999155196
1493,0.00023987076895441115,0.003414612195281758,0.9999999999153801
1494,-0.002250193846740833,0.006085146536236666,0.9999999999152434
1495,-0.002920124088146067,0.003762306483869872,0.9999999999151101
1496,-0.0025593103441176566,0.006689158726697632,0.9999999999149813
1497,-0.0029059792295321276,0.010935258170807179,0.9999999999148579
1498,2.297208002352182e-05,0.00812985229466774,0.9999999999147411
1499,-9.731081581678238e-05,0.00011053984461616579,0.9999999999146323
